-0.00046396239936186134,-0.0028923559625706474,0.006717458582324198,-0.003763823256967669,-0.0004611429890832852,-0.005371081053885618
-0.0008536968563728209,-0.0053335306336919075,0.012265873004606576,-0.006870619691866864,-0.0008670460364577082,-0.009882387187085229
-0.0013709772254433261,-0.008567041392756103,0.019616440360971765,-0.010986460776951645,-0.001405076777524883,-0.015858930011544814
-0.002004610182020805,-0.012535568630069882,0.028636417010974746,-0.01603712363077392,-0.0020650048112038633,-0.023192881327399384
-0.0027446768757570794,-0.017141125975451033,0.03910530384462785,-0.02189904138686405,-0.002831190153401053,-0.0317048604169452
-0.003570430166627503,-0.0222653851846788,0.05075250553320565,-0.02842076940691829,-0.0036834947733321854,-0.04117492067538464
-0.004462743539745517,-0.027784081859350884,0.06329526045191791,-0.03544398866849985,-0.00460116652060627,-0.05137316539542791
-0.005408435802035427,-0.03358331342555765,0.07647647776986588,-0.04282466115696071,-0.0055657993761499824,-0.062090481167143885
-0.006389011022985613,-0.03957892875607971,0.09010244401222511,-0.0504544287570754,-0.006562692432193984,-0.07316946660018786
-0.007402454614087617,-0.04572946014171464,0.10408081165732597,-0.05828149592837395,-0.0075855085496634445,-0.08453495482954576
-0.008452349564663564,-0.052055623389948735,0.1184583023125878,-0.06633203688794964,-0.008637590948177731,-0.09622494812342186
-0.00954813455906578,-0.05865640970677166,0.13345855161008036,-0.07473134396085968,-0.00973497871233242,-0.10842134202355247
-0.010732991474501574,-0.06576128425125205,0.14960550175192466,-0.08377268204141775,-0.01091653389463687,-0.12155004213445864
-0.012099036296908672,-0.073976773084655,0.16827518206973835,-0.09422666253909728,-0.012282396529062822,-0.1367299694195836
-0.013695044051548422,-0.0835507177700503,0.19003320440248395,-0.1064098811766101,-0.01387448289353621,-0.154420909681666
-0.015460403101421605,-0.09415370437403592,0.21412933800129874,-0.11990233175759268,-0.015637540630340396,-0.17401293621261704
-0.017304130174458088,-0.10523828571155036,0.23931923803010946,-0.134007262310595,-0.01748046450630447,-0.19449430853457894
-0.01916597368425421,-0.11640905811716173,0.26470624186047687,-0.14822249833376677,-0.019338093103902665,-0.21513589015167778
-0.02105773493283536,-0.1277821626312221,0.2905518284416848,-0.1626945765606287,-0.021228988602029375,-0.23615038646215236
-0.023058681499508182,-0.13978707018173964,0.3178344399476041,-0.17797124389520214,-0.023225311240581803,-0.2583332451424072
-0.02517157925503355,-0.1524783212958436,0.34667624519412055,-0.19412100010082067,-0.025335581946096752,-0.28178387350926126
-0.02736914467461382,-0.16568821645426812,0.3766960701877782,-0.21093041392486978,-0.027531887148988687,-0.3061923498936716
-0.02962862777000641,-0.17925697925682194,0.40753224657142884,-0.22819689596959059,-0.029788113655188297,-0.33126455072139827
-0.03195787467618416,-0.19323632207422925,0.4393017562818322,-0.24598597369900776,-0.03211270414840861,-0.3570956118744242
-0.03437434107278392,-0.20776111767807226,0.4723097799152649,-0.2644686092822379,-0.03452763833958272,-0.3839337259050053
-0.036884104934475914,-0.22282293477443194,0.5065395134920223,-0.2836352600415424,-0.03703228297861294,-0.41176513295444206
-0.039471531155385264,-0.23837357796073455,0.5418788802940018,-0.3034233132108426,-0.03961780043998253,-0.4404988082683827
-0.04214575123482778,-0.2544354928251984,0.5783808217356743,-0.3238623032031951,-0.04228855165975176,-0.4701777200351511
-0.0449289407844784,-0.27114012298047374,0.6163438256298024,-0.34511937595152276,-0.04506632524208953,-0.5010445708371414
-0.04780041588627615,-0.28839747392185267,0.6555617770717106,-0.36707921746222993,-0.04793561625990783,-0.5329318371886451
-0.05073862306376675,-0.306032675421001,0.6956397056738899,-0.38952051892420503,-0.05086816398723393,-0.5655182819794611
-0.05374829868505504,-0.3241207125070442,0.7367454231615866,-0.4125374044247838,-0.053875565961925886,-0.5989404495153465
-0.05684785942651871,-0.342724401410579,0.7790243449983612,-0.43621113211934226,-0.05696916825856135,-0.6333164715683903
-0.06001057486383132,-0.36173186360340814,0.8222195014840041,-0.460397986388033,-0.060129440510817034,-0.6684375155352171
-0.06324839947956562,-0.38116620586272276,0.8663861314140835,-0.4851287215867597,-0.06336116285294935,-0.7043483915431432
-0.06658310163499603,-0.4012060774339208,0.911927543142208,-0.5106293440013054,-0.06669310827326846,-0.7413771216702347
-0.06994482016493642,-0.4213843937110209,0.9577849064680679,-0.5363067912483386,-0.07004854382335779,-0.7786626952835229
-0.07329421860666674,-0.4415131333270361,1.0035282487087622,-0.5619204871287309,-0.07339525224128174,-0.8158556113246496
-0.07669707487972133,-0.46193863402116087,1.0499473514920208,-0.5879124750991513,-0.07679179354268051,-0.8535979229297919
-0.08004394300370699,-0.4820517075872326,1.0956552353891862,-0.6135063095120632,-0.08013593731427626,-0.8907620037296162
-0.08328338067658514,-0.5015074134490245,1.1398698765509963,-0.6382639661714311,-0.08337101694301552,-0.9267119373928736
-0.08646835237648354,-0.5206235276515985,1.1833131228370117,-0.6625896527677284,-0.0865497985110597,-0.9620346514813232
-0.08956500821075153,-0.5392346435422803,1.2256075113240295,-0.686272139609482,-0.08964413890997847,-0.9964233005346426
-0.09255371258280398,-0.5571726812016369,1.2663736553158564,-0.7090987914160536,-0.09262708830961763,-1.029569317119008
-0.09544589580177032,-0.5745557917843431,1.3058773376080053,-0.7312186430505783,-0.09551724358840197,-1.0616889042978066
-0.09825320646745084,-0.5914164151726311,1.3441945701888756,-0.7526740820779905,-0.09832085878683472,-1.0928437826691466
-0.10097611940638807,-0.6077579330110936,1.3813322496812788,-0.7734690157650359,-0.1010382767506055,-1.1230395830643118
-0.10361460047193383,-0.62361758142944,1.4173737503525254,-0.7936502468780438,-0.10367510824929305,-1.1523441475763665
-0.10618956680784297,-0.6390823278087163,1.452518514976843,-0.813329300327184,-0.10624655313032427,-1.1809195698615431
-0.10868841428255216,-0.6540782914869405,1.4865985403902604,-0.8324121072959318,-0.10874031291183783,-1.208629252389839
-0.11108509881174022,-0.6684726151202671,1.5193106655832196,-0.8507290231736988,-0.11113376779474571,-1.2352267502169836
-0.1133875905641446,-0.682301166432568,1.5507370594936871,-0.8683260013073788,-0.11343315717786773,-1.260778847713282
-0.11562239512753081,-0.6957362515889907,1.5812685528230501,-0.8854219479977763,-0.11566682571546316,-1.2856033485399534
-0.11778809291053083,-0.7087435448398054,1.6108284967602238,-0.9019738266536264,-0.11782963511408084,-1.3096378793000758
-0.11985528056539607,-0.7211594024300805,1.6390446803754628,-0.9177732557500704,-0.11989419897767206,-1.3325798185412765
-0.12180798101113499,-0.7328871125896228,1.6656967372590943,-0.9326968806841318,-0.12184425865990534,-1.3542500095686112
-0.12368121447950742,-0.7441249590251342,1.691235869816123,-0.9469972931831414,-0.12371305857860726,-1.375015290528074
-0.12553935039522024,-0.755285388835933,1.7165986593587519,-0.961199007516008,-0.12556877292316493,-1.3956372091708085
-0.12736619999535037,-0.7662567066305463,1.741531840924825,-0.9751601550965532,-0.1273930872546316,-1.415909818361774
-0.12907630872210785,-0.7765412533726685,1.7649036066180646,-0.9882470608018972,-0.12910291171099075,-1.4349129021093763
-0.13058896576054568,-0.7856261442751906,1.785549500417222,-0.9998075902822574,-0.13061347779709465,-1.4516996210265143
-0.1318761972600333,-0.7933570787768183,1.8031185660461162,-1.0096452626372576,-0.13189895513928818,-1.4659846355814157
-0.13301879986934217,-0.8002181419461802,1.8187107923867742,-1.0183760179078325,-0.13303979328084736,-1.4786623262100465
-0.13408680317548427,-0.806634724286809,1.8332930262207086,-1.026541226249444,-0.13410676744317662,-1.4905188105590756
-0.13510160072221922,-0.8127209791614058,1.8471248806274119,-1.0342862273139701,-0.1351190162818039,-1.5017651614907095
-0.13607030421924549,-0.8185390601843014,1.8603468663306462,-1.0416897826216713,-0.13608643500142215,-1.5125156620470062
-0.13699722531839953,-0.8241095276010215,1.8730055381617188,-1.0487779735787246,-0.13701237263069643,-1.522808170558469
-0.13788119019126555,-0.8294186120897535,1.8850707913515699,-1.0555338253208566,-0.13789515408919328,-1.5326181579420108
-0.13871561463885662,-0.8344269403689824,1.8964531633817732,-1.061907242309343,-0.13872824238478465,-1.541872883318744
-0.13948985787356882,-0.8390771935923009,1.907021134947648,-1.067824704132148,-0.1395014670297101,-1.5504654653143817
-0.1401924972631985,-0.843300570446079,1.916618431024279,-1.0731987029121788,-0.1402033970677259,-1.558268839210255
-0.14081326300260955,-0.8470242890203643,1.9250813223055516,-1.0779373849893616,-0.14082285168864672,-1.5651498032690547
-0.14133889118559573,-0.8501813303539194,1.9322559248758626,-1.0819547511141296,-0.14134780132804536,-1.570983311546719
-0.14176013803344212,-0.8527159678864251,1.938015502232517,-1.0851798429921535,-0.1417689501543542,-1.5756663205116794
-0.14207240385997189,-0.8545914854146952,1.9422777663718769,-1.0875664653456845,-0.14208081473089962,-1.5791318712753917
-0.14227403769426417,-0.8557988651851769,1.9450221778200003,-1.0891031186875741,-0.14228189435314498,-1.581363263980612
-0.14236817913790034,-0.8563643289653546,1.9463072469411262,-1.0898226828663775,-0.14237592236754537,-1.5824081244929822
-0.1423777771461321,-0.8564261246049565,1.9464470741857038,-1.0899010413097914,-0.14238586613259407,-1.5825218430268837
-0.14237862344060037,-0.8564258951716743,1.9464470743621387,-1.0899009853946096,-0.142386125422302,-1.5825218183392895
-0.14237786491661453,-0.8564261294641033,1.9464470741947366,-1.0899010424957858,-0.14238586112901164,-1.5825218435110742
-0.14237786041025036,-0.856426114607804,1.9464470742040945,-1.0899010399777218,-0.1423858696765521,-1.582521842429137
-0.14237843202952938,-0.8564258657660844,1.9464470743036095,-1.08990097940465,-0.1423861499970709,-1.582521815479443
-0.14237842302279713,-0.8564258580554318,1.9464470743135251,-1.08990097825588,-0.14238615307546176,-1.5825218150257498
-0.14237777683650688,-0.8564261247800911,1.9464470741828226,-1.0899010413284849,-0.14238586607524173,-1.5825218430344163
-0.1423786234037232,-0.856425895196022,1.9464470743615632,-1.0899009853965946,-0.14238612541782558,-1.5825218183399308
-0.14237786490117976,-0.8564261294665645,1.9464470741946496,-1.089901042496292,-0.1423858611266633,-1.5825218435112376
-0.1423778604067305,-0.8564261146066876,1.946447074204082,-1.0899010399778408,-0.14238586967533085,-1.5825218424291725
-0.1423784320291599,-0.8564258657641943,1.946447074303613,-1.0899009794045211,-0.14238614999704424,-1.5825218154793834
-0.1423784230240681,-0.8564258580534005,1.9464470743135234,-1.089900978255674,-0.14238615307588098,-1.5825218150256557
-0.14237777683436548,-0.8564261247801115,1.9464470741828155,-1.089901041328643,-0.14238586607420967,-1.5825218430344883
-0.14237862340357044,-0.8564258951957369,1.9464470743615614,-1.089900985396647,-0.1423861254173291,-1.5825218183399574
-0.14237786490146043,-0.8564261294659525,1.9464470741946478,-1.089901042496244,-0.14238586112666418,-1.5825218435112145
-0.14237786040682554,-0.8564261146063794,1.9464470742040803,-1.0899010399778426,-0.14238586967516298,-1.5825218424291716
-0.1423784320291439,-0.8564258657638639,1.946447074303613,-1.089900979404499,-0.14238614999702648,-1.5825218154793737
-0.14237842302434878,-0.8564258580530142,1.9464470743135234,-1.089900978255633,-0.14238615307595914,-1.5825218150256362
-0.1423777768339356,-0.8564261247801275,1.9464470741828173,-1.089901041328675,-0.14238586607399473,-1.5825218430345034
-0.14237862340354202,-0.8564258951956827,1.9464470743615614,-1.0899009853966595,-0.14238612541722517,-1.5825218183399627
-0.14237786490151905,-0.8564261294658273,1.9464470741946478,-1.0899010424962343,-0.14238586112666418,-1.5825218435112092
-0.14237786040684508,-0.8564261146063163,1.9464470742040803,-1.0899010399778426,-0.14238586967512834,-1.5825218424291716
-0.14237843202914213,-0.8564258657637964,1.946447074303613,-1.0899009794044936,-0.14238614999702115,-1.5825218154793728
-0.14237842302441006,-0.8564258580529351,1.9464470743135216,-1.089900978255625,-0.14238615307597602,-1.5825218150256344
-0.14237777683384678,-0.856426124780131,1.9464470741828155,-1.0899010413286812,-0.14238586607395298,-1.582521843034506
-0.1423786234035349,-0.856425895195672,1.9464470743615596,-1.0899009853966612,-0.14238612541720297,-1.5825218183399636
-0.1423778649015306,-0.8564261294658024,1.9464470741946478,-1.0899010424962325,-0.14238586112666418,-1.5825218435112092
-0.14237786040684863,-0.856426114606303,1.9464470742040803,-1.0899010399778435,-0.14238586967512123,-1.5825218424291716
-0.14237843202914036,-0.8564258657637822,1.9464470743036113,-1.0899009794044936,-0.14238614999701937,-1.582521815479371
-0.14237842302442072,-0.8564258580529192,1.9464470743135216,-1.0899009782556233,-0.14238615307597957,-1.5825218150256335
-0.14237777683382813,-0.8564261247801319,1.9464470741828137,-1.0899010413286838,-0.14238586607394232,-1.582521843034507
-0.1423786234035349,-0.8564258951956694,1.9464470743615614,-1.0899009853966621,-0.1423861254172012,-1.5825218183399636
-0.14237786490153326,-0.8564261294657971,1.9464470741946478,-1.0899010424962317,-0.14238586112666507,-1.5825218435112092
-0.14237786040684952,-0.8564261146063012,1.9464470742040803,-1.0899010399778426,-0.14238586967512123,-1.5825218424291716
-0.14237843202913858,-0.8564258657637804,1.946447074303613,-1.0899009794044927,-0.14238614999701937,-1.582521815479371
-0.14237842302442427,-0.8564258580529156,1.9464470743135216,-1.0899009782556233,-0.14238615307597957,-1.5825218150256326
-0.14237777683382458,-0.8564261247801319,1.9464470741828137,-1.0899010413286838,-0.14238586607394232,-1.582521843034506
-0.1423786234035349,-0.8564258951956685,1.9464470743615614,-1.0899009853966621,-0.1423861254172012,-1.5825218183399645
-0.14237786490153326,-0.8564261294657953,1.9464470741946478,-1.0899010424962317,-0.1423858611266633,-1.5825218435112092
-0.14237786040684952,-0.8564261146063004,1.9464470742040803,-1.0899010399778426,-0.14238586967511946,-1.5825218424291725
-0.14237843202913858,-0.8564258657637787,1.946447074303613,-1.0899009794044918,-0.14238614999702026,-1.582521815479371
-0.14237842302442338,-0.8564258580529156,1.9464470743135234,-1.0899009782556224,-0.14238615307597957,-1.5825218150256326
-0.1423777768338237,-0.856426124780131,1.9464470741828137,-1.0899010413286838,-0.14238586607394055,-1.582521843034507
-0.1423786234035349,-0.8564258951956685,1.9464470743615614,-1.0899009853966621,-0.1423861254172003,-1.5825218183399645
-0.14237786490153326,-0.8564261294657962,1.9464470741946478,-1.0899010424962325,-0.1423858611266633,-1.5825218435112083
-0.14237786040684952,-0.8564261146063004,1.9464470742040803,-1.0899010399778426,-0.14238586967512035,-1.5825218424291725
-0.14237843202914036,-0.8564258657637787,1.9464470743036113,-1.0899009794044918,-0.14238614999702026,-1.582521815479371
-0.14237842302442427,-0.8564258580529147,1.9464470743135216,-1.0899009782556224,-0.14238615307597957,-1.5825218150256326
-0.1423777768338237,-0.8564261247801319,1.9464470741828137,-1.0899010413286838,-0.1423858660739432,-1.5825218430345078
-0.1423786234035349,-0.8564258951956685,1.9464470743615596,-1.0899009853966621,-0.1423861254172003,-1.5825218183399645
-0.14237786490153415,-0.8564261294657962,1.9464470741946478,-1.0899010424962317,-0.14238586112666418,-1.5825218435112092
-0.14237786040684952,-0.8564261146062995,1.9464470742040803,-1.0899010399778426,-0.14238586967511946,-1.5825218424291716
-0.14237843202914036,-0.8564258657637795,1.9464470743036113,-1.0899009794044927,-0.14238614999702026,-1.582521815479371
-0.14237842302442427,-0.8564258580529147,1.9464470743135234,-1.0899009782556224,-0.14238615307597868,-1.5825218150256326
-0.1423777768338237,-0.8564261247801319,1.9464470741828137,-1.0899010413286838,-0.14238586607394055,-1.582521843034507
-0.14237862340353402,-0.8564258951956685,1.9464470743615614,-1.0899009853966612,-0.14238612541719942,-1.5825218183399645
-0.14237786490153415,-0.8564261294657962,1.9464470741946478,-1.0899010424962317,-0.14238586112666418,-1.5825218435112092
-0.1423778604068504,-0.8564261146063004,1.9464470742040803,-1.0899010399778426,-0.14238586967511946,-1.5825218424291725
-0.14237843202914036,-0.8564258657637787,1.946447074303613,-1.0899009794044918,-0.14238614999702026,-1.582521815479371
-0.14237842302442427,-0.8564258580529147,1.9464470743135216,-1.0899009782556233,-0.14238615307597957,-1.5825218150256326
-0.1423777768338237,-0.8564261247801319,1.9464470741828137,-1.0899010413286838,-0.14238586607394055,-1.5825218430345078
-0.1423786234035349,-0.8564258951956694,1.9464470743615614,-1.0899009853966612,-0.1423861254172003,-1.5825218183399636
-0.14237786490153326,-0.8564261294657953,1.946447074194646,-1.0899010424962317,-0.14238586112666418,-1.5825218435112092
-0.1423778604068504,-0.8564261146063004,1.9464470742040803,-1.0899010399778426,-0.14238586967511946,-1.5825218424291725
-0.14237843202914036,-0.8564258657637795,1.946447074303613,-1.0899009794044927,-0.14238614999702026,-1.582521815479371
-0.14237842302442338,-0.8564258580529147,1.9464470743135216,-1.0899009782556224,-0.14238615307597868,-1.5825218150256326
-0.1423777768338237,-0.8564261247801319,1.9464470741828137,-1.0899010413286838,-0.14238586607394055,-1.582521843034507
-0.1423786234035349,-0.8564258951956685,1.9464470743615578,-1.0899009853966612,-0.1423861254172003,-1.5825218183399645
-0.14237786490153415,-0.8564261294657962,1.9464470741946478,-1.0899010424962317,-0.14238586112666418,-1.5825218435112083
-0.14237786040684952,-0.8564261146063004,1.9464470742040803,-1.0899010399778426,-0.14238586967512123,-1.5825218424291716
-0.14237843202914036,-0.8564258657637804,1.946447074303613,-1.0899009794044927,-0.14238614999701849,-1.582521815479371
-0.14237842302442338,-0.8564258580529147,1.9464470743135234,-1.0899009782556224,-0.14238615307597957,-1.5825218150256326
-0.1423777768338237,-0.8564261247801319,1.9464470741828137,-1.0899010413286838,-0.14238586607394144,-1.582521843034507
-0.1423786234035349,-0.8564258951956685,1.9464470743615614,-1.0899009853966621,-0.14238612541719942,-1.5825218183399645
-0.14237786490153326,-0.8564261294657962,1.9464470741946478,-1.0899010424962317,-0.1423858611266633,-1.5825218435112083
-0.14237786040684952,-0.8564261146062995,1.9464470742040803,-1.0899010399778426,-0.14238586967511946,-1.5825218424291716
-0.14237843202914036,-0.8564258657637795,1.9464470743036113,-1.0899009794044927,-0.14238614999702026,-1.582521815479371
-0.14237842302442338,-0.8564258580529147,1.9464470743135216,-1.0899009782556233,-0.14238615307597868,-1.5825218150256326
-0.1423777768338237,-0.856426124780131,1.9464470741828155,-1.0899010413286838,-0.14238586607394055,-1.582521843034506
-0.1423786234035349,-0.8564258951956685,1.9464470743615614,-1.0899009853966612,-0.14238612541719942,-1.5825218183399636
-0.14237786490153415,-0.8564261294657962,1.9464470741946478,-1.0899010424962317,-0.1423858611266624,-1.5825218435112092
-0.14237786040684952,-0.8564261146063004,1.9464470742040803,-1.0899010399778426,-0.14238586967511857,-1.5825218424291725
-0.14237843202913858,-0.8564258657637795,1.9464470743036113,-1.0899009794044927,-0.14238614999701937,-1.5825218154793719
-0.14237842302442427,-0.8564258580529147,1.9464470743135234,-1.0899009782556224,-0.14238615307597957,-1.5825218150256326
-0.1423777768338237,-0.8564261247801319,1.9464470741828137,-1.0899010413286838,-0.14238586607394144,-1.582521843034507
-0.1423786234035349,-0.8564258951956694,1.9464470743615614,-1.0899009853966621,-0.1423861254172003,-1.5825218183399645
-0.14237786490153415,-0.8564261294657962,1.9464470741946478,-1.0899010424962317,-0.1423858611266633,-1.5825218435112083
-0.14237786040684952,-0.8564261146062995,1.9464470742040803,-1.0899010399778435,-0.14238586967511857,-1.5825218424291716
-0.14237843202914036,-0.8564258657637795,1.946447074303613,-1.0899009794044918,-0.14238614999701937,-1.582521815479371
-0.14237842302442338,-0.8564258580529147,1.9464470743135216,-1.0899009782556233,-0.14238615307597957,-1.5825218150256326
-0.1423777768338237,-0.8564261247801319,1.9464470741828137,-1.0899010413286838,-0.14238586607394055,-1.5825218430345078
-0.1423786234035349,-0.8564258951956685,1.9464470743615596,-1.0899009853966621,-0.1423861254172012,-1.5825218183399636
-0.14237786490153415,-0.8564261294657962,1.9464470741946478,-1.0899010424962325,-0.1423858611266624,-1.5825218435112083
-0.14237786040684952,-0.8564261146062995,1.9464470742040803,-1.0899010399778426,-0.14238586967511857,-1.5825218424291716
-0.14237843202914036,-0.8564258657637804,1.946447074303613,-1.0899009794044927,-0.14238614999701937,-1.582521815479371
-0.14237842302442338,-0.8564258580529147,1.9464470743135216,-1.0899009782556224,-0.14238615307597957,-1.5825218150256326
-0.1423777768338228,-0.856426124780131,1.9464470741828137,-1.0899010413286838,-0.14238586607394055,-1.582521843034507
-0.1423786234035349,-0.8564258951956685,1.9464470743615596,-1.0899009853966621,-0.1423861254172003,-1.5825218183399645
-0.14237786490153415,-0.8564261294657971,1.9464470741946478,-1.0899010424962317,-0.14238586112666418,-1.5825218435112083
-0.14237786040684952,-0.8564261146063004,1.9464470742040803,-1.0899010399778426,-0.14238586967511946,-1.5825218424291716
-0.14237843202913858,-0.8564258657637795,1.946447074303613,-1.0899009794044927,-0.14238614999702026,-1.582521815479371
-0.14237842302442427,-0.8564258580529147,1.9464470743135216,-1.0899009782556224,-0.14238615307597868,-1.5825218150256335
-0.1423777768338237,-0.8564261247801319,1.9464470741828155,-1.0899010413286838,-0.14238586607394232,-1.582521843034506
-0.1423786234035349,-0.8564258951956685,1.9464470743615614,-1.0899009853966621,-0.14238612541719942,-1.5825218183399645
-0.14237786490153326,-0.8564261294657953,1.9464470741946478,-1.0899010424962317,-0.1423858611266633,-1.5825218435112083
-0.14237786040684952,-0.8564261146063004,1.9464470742040803,-1.0899010399778426,-0.14238586967512035,-1.5825218424291716
-0.14237843202914036,-0.8564258657637804,1.946447074303613,-1.0899009794044927,-0.14238614999702115,-1.582521815479371
-0.14237842302442427,-0.8564258580529138,1.9464470743135216,-1.0899009782556224,-0.14238615307597868,-1.5825218150256326
-0.1423777768338228,-0.8564261247801319,1.9464470741828155,-1.0899010413286838,-0.14238586607394055,-1.582521843034507
-0.1423786234035349,-0.8564258951956685,1.9464470743615614,-1.0899009853966621,-0.1423861254172003,-1.5825218183399645
-0.14237786490153415,-0.8564261294657962,1.9464470741946478,-1.0899010424962317,-0.14238586112666418,-1.5825218435112092
-0.14237786040684952,-0.8564261146063004,1.9464470742040803,-1.0899010399778426,-0.14238586967511946,-1.5825218424291725
-0.14237843202913858,-0.8564258657637795,1.9464470743036113,-1.0899009794044927,-0.14238614999702026,-1.582521815479371
-0.14237842302442338,-0.8564258580529147,1.9464470743135216,-1.0899009782556233,-0.14238615307598046,-1.5825218150256326
-0.1423777768338237,-0.8564261247801319,1.9464470741828137,-1.089901041328683,-0.14238586607394055,-1.582521843034507
-0.1423786234035349,-0.8564258951956685,1.9464470743615596,-1.0899009853966621,-0.1423861254172012,-1.5825218183399636
-0.14237786490153326,-0.8564261294657962,1.9464470741946478,-1.0899010424962317,-0.14238586112666418,-1.5825218435112083
-0.14237786040684952,-0.8564261146062995,1.946447074204082,-1.0899010399778426,-0.14238586967511946,-1.5825218424291716
-0.14237843202914036,-0.8564258657637787,1.946447074303613,-1.0899009794044918,-0.14238614999702026,-1.582521815479371
-0.14237842302442427,-0.8564258580529147,1.9464470743135216,-1.0899009782556224,-0.14238615307597868,-1.5825218150256335
-0.1423777768338237,-0.8564261247801319,1.9464470741828155,-1.0899010413286838,-0.14238586607394055,-1.582521843034507
-0.1423786234035349,-0.8564258951956685,1.9464470743615596,-1.0899009853966621,-0.1423861254172012,-1.5825218183399636
-0.14237786490153326,-0.8564261294657953,1.9464470741946478,-1.0899010424962325,-0.1423858611266624,-1.5825218435112092
-0.1423778604068504,-0.8564261146063004,1.9464470742040803,-1.0899010399778426,-0.14238586967511857,-1.5825218424291716
-0.14237843202914036,-0.8564258657637795,1.946447074303613,-1.0899009794044918,-0.14238614999701937,-1.582521815479371
-0.14237842302442427,-0.8564258580529147,1.9464470743135216,-1.0899009782556224,-0.14238615307597957,-1.5825218150256335
-0.1423777768338237,-0.8564261247801319,1.9464470741828137,-1.0899010413286838,-0.14238586607394144,-1.582521843034507
-0.1423786234035349,-0.8564258951956685,1.9464470743615596,-1.0899009853966621,-0.1423861254172003,-1.5825218183399645
-0.14237786490153326,-0.8564261294657962,1.9464470741946496,-1.0899010424962325,-0.14238586112666507,-1.5825218435112092
-0.14237786040684952,-0.8564261146063004,1.9464470742040803,-1.0899010399778426,-0.14238586967511857,-1.5825218424291716
-0.14237843202913858,-0.8564258657637795,1.946447074303613,-1.0899009794044918,-0.14238614999701937,-1.582521815479371
-0.14237842302442338,-0.8564258580529147,1.9464470743135216,-1.0899009782556224,-0.14238615307597957,-1.5825218150256326
-0.1423777768338237,-0.8564261247801319,1.9464470741828137,-1.0899010413286838,-0.14238586607394144,-1.5825218430345078
-0.14237862340353402,-0.8564258951956676,1.9464470743615596,-1.0899009853966621,-0.1423861254172003,-1.5825218183399645
-0.14237786490153326,-0.8564261294657953,1.9464470741946478,-1.0899010424962317,-0.14238586112666418,-1.5825218435112083
-0.14237786040684952,-0.8564261146063004,1.9464470742040803,-1.0899010399778426,-0.14238586967511946,-1.5825218424291725
-0.14237843202914036,-0.8564258657637787,1.9464470743036113,-1.0899009794044918,-0.14238614999702026,-1.5825218154793719
-0.14237842302442427,-0.8564258580529147,1.9464470743135216,-1.0899009782556224,-0.14238615307597868,-1.5825218150256326
-0.1423777768338237,-0.856426124780131,1.9464470741828137,-1.0899010413286838,-0.14238586607394144,-1.582521843034506
-0.1423786234035349,-0.8564258951956685,1.9464470743615596,-1.0899009853966621,-0.1423861254172003,-1.5825218183399645
-0.14237786490153326,-0.8564261294657962,1.9464470741946478,-1.0899010424962317,-0.14238586112666507,-1.5825218435112092
-0.1423778604068504,-0.8564261146063004,1.9464470742040803,-1.0899010399778426,-0.14238586967511946,-1.5825218424291725
-0.14237843202914036,-0.8564258657637795,1.9464470743036113,-1.0899009794044927,-0.14238614999702026,-1.582521815479371
-0.14237842302442427,-0.8564258580529147,1.9464470743135216,-1.0899009782556233,-0.14238615307597868,-1.5825218150256326
-0.1423777768338237,-0.8564261247801319,1.9464470741828137,-1.0899010413286838,-0.14238586607394144,-1.582521843034506
-0.1423786234035349,-0.8564258951956685,1.9464470743615596,-1.0899009853966621,-0.1423861254172012,-1.5825218183399645
-0.14237786490153326,-0.8564261294657953,1.9464470741946478,-1.0899010424962325,-0.1423858611266624,-1.5825218435112092
-0.14237786040684952,-0.8564261146063004,1.9464470742040803,-1.0899010399778426,-0.14238586967511857,-1.5825218424291725
-0.14237843202914036,-0.8564258657637795,1.946447074303613,-1.0899009794044927,-0.14238614999701937,-1.582521815479371
-0.14237842302442338,-0.8564258580529147,1.9464470743135216,-1.0899009782556224,-0.14238615307597868,-1.5825218150256326
-0.1423777768338237,-0.8564261247801319,1.9464470741828137,-1.0899010413286838,-0.14238586607394055,-1.5825218430345078
-0.1423786234035349,-0.8564258951956685,1.9464470743615596,-1.0899009853966621,-0.14238612541719942,-1.5825218183399645
-0.14237786490153415,-0.8564261294657953,1.9464470741946478,-1.0899010424962325,-0.1423858611266633,-1.5825218435112083
-0.14237786040684952,-0.8564261146063004,1.9464470742040803,-1.0899010399778426,-0.14238586967511946,-1.5825218424291734
-0.14237843202914036,-0.8564258657637804,1.946447074303613,-1.0899009794044927,-0.14238614999701937,-1.582521815479371
-0.14237842302442427,-0.8564258580529147,1.9464470743135216,-1.0899009782556224,-0.14238615307597868,-1.5825218150256335
-0.1423777768338228,-0.8564261247801319,1.9464470741828137,-1.0899010413286838,-0.14238586607394144,-1.582521843034506
-0.1423786234035349,-0.8564258951956685,1.9464470743615614,-1.0899009853966621,-0.14238612541719942,-1.5825218183399645
-0.14237786490153326,-0.8564261294657953,1.9464470741946478,-1.0899010424962325,-0.1423858611266633,-1.5825218435112083
-0.1423778604068504,-0.8564261146063004,1.9464470742040803,-1.0899010399778426,-0.14238586967511857,-1.5825218424291716
-0.14237843202914036,-0.8564258657637795,1.946447074303613,-1.0899009794044927,-0.14238614999701937,-1.582521815479371
-0.14237842302442427,-0.8564258580529156,1.9464470743135216,-1.0899009782556224,-0.14238615307598046,-1.5825218150256326
-0.1423777768338228,-0.8564261247801319,1.9464470741828137,-1.0899010413286838,-0.14238586607394144,-1.582521843034507
-0.1423786234035349,-0.8564258951956685,1.9464470743615614,-1.0899009853966621,-0.1423861254172003,-1.5825218183399645
-0.14237786490153326,-0.8564261294657971,1.9464470741946478,-1.0899010424962317,-0.1423858611266633,-1.5825218435112092
-0.14237786040684952,-0.8564261146063004,1.9464470742040803,-1.0899010399778426,-0.14238586967512035,-1.5825218424291725
-0.14237843202914036,-0.8564258657637795,1.946447074303613,-1.0899009794044927,-0.14238614999702026,-1.582521815479371
-0.14237842302442338,-0.8564258580529147,1.9464470743135216,-1.0899009782556233,-0.14238615307598046,-1.5825218150256326
-0.1423777768338237,-0.8564261247801319,1.9464470741828137,-1.0899010413286838,-0.14238586607394055,-1.5825218430345078
-0.1423786234035349,-0.8564258951956685,1.9464470743615596,-1.0899009853966621,-0.1423861254172012,-1.5825218183399645
-0.14237786490153326,-0.8564261294657953,1.9464470741946478,-1.0899010424962317,-0.14238586112666418,-1.5825218435112092
-0.14237786040684952,-0.8564261146062995,1.9464470742040803,-1.0899010399778426,-0.14238586967511857,-1.5825218424291716
-0.14237843202914036,-0.8564258657637804,1.946447074303613,-1.0899009794044927,-0.14238614999701937,-1.582521815479371
-0.14237842302442427,-0.8564258580529156,1.9464470743135216,-1.0899009782556224,-0.14238615307597957,-1.5825218150256326
-0.1423777768338228,-0.8564261247801319,1.9464470741828137,-1.0899010413286838,-0.14238586607394055,-1.582521843034506
-0.1423786234035349,-0.8564258951956685,1.9464470743615614,-1.0899009853966612,-0.1423861254172003,-1.5825218183399645
-0.14237786490153326,-0.8564261294657962,1.9464470741946478,-1.0899010424962317,-0.14238586112666418,-1.5825218435112083
-0.14237786040684952,-0.8564261146063004,1.9464470742040803,-1.0899010399778426,-0.14238586967512035,-1.5825218424291716
-0.14237843202914036,-0.8564258657637795,1.946447074303613,-1.0899009794044936,-0.14238614999701937,-1.582521815479371
-0.14237842302442338,-0.8564258580529156,1.9464470743135216,-1.0899009782556224,-0.14238615307597957,-1.5825218150256326
-0.1423777768338228,-0.856426124780131,1.9464470741828137,-1.0899010413286838,-0.14238586607394144,-1.5825218430345078
-0.1423786234035349,-0.8564258951956685,1.9464470743615614,-1.0899009853966612,-0.1423861254172003,-1.5825218183399645
-0.14237786490153326,-0.8564261294657953,1.9464470741946478,-1.0899010424962317,-0.14238586112666418,-1.5825218435112083
-0.14237786040684952,-0.8564261146062995,1.9464470742040803,-1.0899010399778426,-0.14238586967511946,-1.5825218424291716
-0.14237843202914036,-0.8564258657637795,1.9464470743036113,-1.0899009794044918,-0.14238614999702026,-1.582521815479371
-0.14237842302442427,-0.8564258580529147,1.9464470743135216,-1.0899009782556224,-0.14238615307597868,-1.5825218150256326
-0.1423777768338228,-0.8564261247801319,1.9464470741828137,-1.0899010413286838,-0.14238586607394055,-1.582521843034506
-0.1423786234035349,-0.8564258951956685,1.9464470743615596,-1.0899009853966621,-0.14238612541719942,-1.5825218183399645
-0.14237786490153326,-0.8564261294657953,1.9464470741946478,-1.0899010424962317,-0.14238586112666418,-1.5825218435112092
-0.14237786040684952,-0.8564261146062995,1.9464470742040803,-1.0899010399778426,-0.14238586967511857,-1.5825218424291716
-0.14237843202913858,-0.8564258657637795,1.946447074303613,-1.0899009794044927,-0.14238614999701937,-1.5825218154793719
-0.14237842302442338,-0.8564258580529147,1.9464470743135234,-1.0899009782556233,-0.14238615307597957,-1.5825218150256335
-0.1423777768338228,-0.856426124780131,1.9464470741828137,-1.0899010413286838,-0.14238586607394144,-1.5825218430345078
-0.14237862340353402,-0.8564258951956685,1.9464470743615614,-1.0899009853966612,-0.1423861254172003,-1.5825218183399636
-0.14237786490153415,-0.8564261294657953,1.9464470741946496,-1.0899010424962325,-0.1423858611266633,-1.5825218435112083
-0.14237786040684952,-0.8564261146063004,1.9464470742040803,-1.0899010399778426,-0.14238586967511946,-1.5825218424291725
-0.14237843202914036,-0.8564258657637804,1.946447074303613,-1.0899009794044918,-0.14238614999702026,-1.582521815479371
-0.14237842302442427,-0.8564258580529147,1.9464470743135216,-1.0899009782556224,-0.14238615307598046,-1.5825218150256326
-0.1423777768338237,-0.8564261247801319,1.9464470741828155,-1.0899010413286838,-0.14238586607393966,-1.582521843034506
-0.1423786234035349,-0.8564258951956685,1.9464470743615614,-1.0899009853966621,-0.1423861254172003,-1.5825218183399645
-0.14237786490153415,-0.8564261294657953,1.9464470741946478,-1.0899010424962317,-0.14238586112666507,-1.5825218435112083
-0.14237786040684952,-0.8564261146063004,1.9464470742040803,-1.0899010399778426,-0.14238586967511946,-1.5825218424291725
-0.14237843202914036,-0.8564258657637795,1.9464470743036113,-1.0899009794044927,-0.14238614999702026,-1.582521815479371
-0.14237842302442427,-0.8564258580529147,1.9464470743135216,-1.0899009782556233,-0.14238615307598046,-1.5825218150256326
-0.1423777768338237,-0.8564261247801319,1.9464470741828137,-1.0899010413286838,-0.14238586607394055,-1.582521843034507
-0.1423786234035349,-0.8564258951956685,1.9464470743615614,-1.0899009853966621,-0.14238612541719942,-1.5825218183399645
-0.14237786490153326,-0.8564261294657962,1.9464470741946478,-1.0899010424962325,-0.14238586112666418,-1.5825218435112092
-0.14237786040684952,-0.8564261146063004,1.9464470742040803,-1.0899010399778426,-0.14238586967511946,-1.5825218424291716
-0.14237843202913858,-0.8564258657637795,1.946447074303613,-1.0899009794044927,-0.14238614999702026,-1.582521815479371
-0.14237842302442427,-0.8564258580529147,1.9464470743135216,-1.0899009782556224,-0.14238615307598046,-1.5825218150256326
-0.1423777768338237,-0.8564261247801319,1.9464470741828137,-1.0899010413286838,-0.14238586607394055,-1.582521843034507
-0.14237862340353402,-0.8564258951956685,1.9464470743615614,-1.0899009853966621,-0.1423861254172003,-1.5825218183399636
-0.14237786490153415,-0.8564261294657962,1.9464470741946478,-1.0899010424962317,-0.14238586112666507,-1.5825218435112092
-0.1423778604068504,-0.8564261146063004,1.9464470742040803,-1.0899010399778426,-0.14238586967512035,-1.5825218424291716
-0.14237843202914036,-0.8564258657637795,1.946447074303613,-1.0899009794044927,-0.14238614999701937,-1.582521815479371
-0.14237842302442427,-0.8564258580529156,1.9464470743135216,-1.0899009782556224,-0.14238615307597957,-1.5825218150256326
-0.1423777768338228,-0.8564261247801319,1.9464470741828137,-1.0899010413286838,-0.14238586607394144,-1.582521843034507
-0.1423786234035349,-0.8564258951956685,1.9464470743615596,-1.0899009853966621,-0.1423861254172012,-1.5825218183399645
-0.14237786490153415,-0.8564261294657962,1.9464470741946478,-1.0899010424962325,-0.14238586112666418,-1.5825218435112092
-0.1423778604068504,-0.8564261146063004,1.9464470742040803,-1.0899010399778426,-0.14238586967511946,-1.5825218424291716
-0.14237843202914036,-0.8564258657637795,1.946447074303613,-1.0899009794044927,-0.14238614999702026,-1.582521815479371
-0.14237842302442427,-0.8564258580529147,1.9464470743135216,-1.0899009782556224,-0.14238615307598046,-1.5825218150256326
-0.1423777768338237,-0.8564261247801319,1.9464470741828137,-1.089901041328683,-0.14238586607394055,-1.582521843034506
-0.1423786234035349,-0.8564258951956685,1.9464470743615614,-1.0899009853966621,-0.1423861254172012,-1.5825218183399645
-0.14237786490153326,-0.8564261294657962,1.9464470741946478,-1.0899010424962325,-0.14238586112666418,-1.5825218435112092
-0.1423778604068504,-0.8564261146063004,1.9464470742040803,-1.0899010399778426,-0.14238586967511946,-1.5825218424291716
-0.14237843202914036,-0.8564258657637795,1.946447074303613,-1.0899009794044927,-0.14238614999702115,-1.582521815479371
-0.14237842302442338,-0.8564258580529147,1.9464470743135216,-1.0899009782556224,-0.14238615307597868,-1.5825218150256326
-0.1423777768338237,-0.856426124780131,1.9464470741828137,-1.089901041328683,-0.14238586607394144,-1.582521843034507
-0.1423786234035349,-0.8564258951956685,1.9464470743615596,-1.0899009853966621,-0.1423861254172003,-1.5825218183399645
-0.14237786490153326,-0.8564261294657953,1.9464470741946496,-1.0899010424962317,-0.14238586112666418,-1.5825218435112083
-0.1423778604068504,-0.8564261146062995,1.9464470742040803,-1.0899010399778426,-0.14238586967511946,-1.5825218424291716
-0.14237843202914036,-0.8564258657637795,1.946447074303613,-1.0899009794044927,-0.14238614999702026,-1.582521815479371
-0.14237842302442338,-0.8564258580529147,1.9464470743135216,-1.0899009782556224,-0.14238615307597868,-1.5825218150256326
-0.1423777768338237,-0.8564261247801319,1.9464470741828137,-1.0899010413286838,-0.14238586607394055,-1.5825218430345078
-0.1423786234035349,-0.8564258951956685,1.9464470743615578,-1.0899009853966621,-0.14238612541719942,-1.5825218183399645
-0.14237786490153415,-0.8564261294657962,1.9464470741946478,-1.0899010424962325,-0.14238586112666507,-1.5825218435112083
-0.1423778604068504,-0.8564261146063004,1.9464470742040803,-1.0899010399778426,-0.14238586967512035,-1.5825218424291725
-0.14237843202914036,-0.8564258657637795,1.946447074303613,-1.0899009794044918,-0.14238614999702115,-1.582521815479371
-0.14237842302442427,-0.8564258580529147,1.9464470743135216,-1.0899009782556224,-0.14238615307597957,-1.5825218150256335
-0.1423777768338228,-0.8564261247801319,1.9464470741828137,-1.0899010413286838,-0.1423858660739432,-1.582521843034507
-0.1423786234035349,-0.8564258951956685,1.9464470743615614,-1.0899009853966621,-0.1423861254172003,-1.5825218183399636
-0.14237786490153415,-0.8564261294657953,1.9464470741946478,-1.0899010424962325,-0.14238586112666418,-1.5825218435112083
-0.14237786040684952,-0.8564261146063004,1.9464470742040803,-1.0899010399778426,-0.14238586967511946,-1.5825218424291716
-0.14237843202913858,-0.8564258657637795,1.946447074303613,-1.0899009794044918,-0.14238614999702026,-1.582521815479371
-0.14237842302442427,-0.8564258580529147,1.9464470743135216,-1.0899009782556224,-0.14238615307598046,-1.5825218150256326
-0.1423777768338237,-0.8564261247801319,1.9464470741828137,-1.0899010413286838,-0.14238586607394055,-1.5825218430345078
-0.1423786234035349,-0.8564258951956685,1.9464470743615614,-1.0899009853966612,-0.1423861254172012,-1.5825218183399645
-0.14237786490153326,-0.8564261294657962,1.9464470741946478,-1.0899010424962317,-0.14238586112666418,-1.5825218435112092
-0.14237786040684952,-0.8564261146063004,1.9464470742040803,-1.0899010399778426,-0.14238586967511946,-1.5825218424291725
-0.14237843202914036,-0.8564258657637795,1.946447074303613,-1.0899009794044927,-0.14238614999702026,-1.5825218154793719
-0.14237842302442338,-0.8564258580529147,1.9464470743135234,-1.0899009782556233,-0.14238615307597868,-1.5825218150256326
-0.1423777768338237,-0.8564261247801319,1.9464470741828137,-1.0899010413286838,-0.14238586607394055,-1.582521843034507
-0.1423786234035349,-0.8564258951956685,1.9464470743615614,-1.0899009853966621,-0.14238612541719942,-1.5825218183399645
-0.14237786490153415,-0.8564261294657962,1.9464470741946478,-1.0899010424962317,-0.1423858611266633,-1.5825218435112092
-0.1423778604068504,-0.8564261146063004,1.9464470742040803,-1.0899010399778426,-0.14238586967511857,-1.5825218424291716
-0.14237843202913858,-0.8564258657637795,1.946447074303613,-1.0899009794044927,-0.14238614999701937,-1.582521815479371
-0.14237842302442338,-0.8564258580529147,1.9464470743135216,-1.0899009782556224,-0.14238615307597868,-1.5825218150256326
-0.1423777768338237,-0.8564261247801319,1.9464470741828137,-1.089901041328683,-0.14238586607394144,-1.582521843034507
-0.14237862340353402,-0.8564258951956685,1.9464470743615596,-1.0899009853966621,-0.1423861254172003,-1.5825218183399636
-0.14237786490153415,-0.8564261294657962,1.9464470741946478,-1.0899010424962325,-0.1423858611266633,-1.5825218435112083
-0.1423778604068504,-0.8564261146063004,1.9464470742040803,-1.0899010399778426,-0.14238586967511857,-1.5825218424291725
-0.14237843202914036,-0.8564258657637787,1.946447074303613,-1.0899009794044927,-0.14238614999701937,-1.582521815479371
-0.14237842302442338,-0.8564258580529147,1.9464470743135216,-1.0899009782556224,-0.14238615307597957,-1.5825218150256335
-0.1423777768338237,-0.8564261247801319,1.9464470741828137,-1.0899010413286838,-0.14238586607394055,-1.582521843034507
-0.1423786234035349,-0.8564258951956685,1.9464470743615614,-1.0899009853966621,-0.1423861254172003,-1.5825218183399636
-0.14237786490153415,-0.8564261294657953,1.9464470741946478,-1.0899010424962325,-0.14238586112666418,-1.5825218435112083
-0.1423778604068504,-0.8564261146063004,1.9464470742040803,-1.0899010399778426,-0.14238586967511857,-1.5825218424291716
-0.14237843202913858,-0.8564258657637787,1.9464470743036113,-1.0899009794044927,-0.14238614999701937,-1.582521815479371
-0.14237842302442427,-0.8564258580529156,1.9464470743135234,-1.0899009782556233,-0.14238615307597957,-1.5825218150256335
-0.1423777768338237,-0.8564261247801319,1.9464470741828137,-1.0899010413286838,-0.14238586607394144,-1.582521843034506
-0.1423786234035349,-0.8564258951956685,1.9464470743615614,-1.0899009853966621,-0.1423861254172003,-1.5825218183399645
-0.14237786490153326,-0.8564261294657953,1.9464470741946478,-1.0899010424962317,-0.1423858611266633,-1.5825218435112092
-0.14237786040684952,-0.8564261146063004,1.9464470742040803,-1.0899010399778426,-0.14238586967511857,-1.5825218424291716
-0.14237843202913858,-0.8564258657637795,1.946447074303613,-1.0899009794044927,-0.14238614999701937,-1.582521815479371
-0.14237813133723698,-0.8564258323168241,1.9464470106292406,-1.0899009405067641,-0.14238586166802047,-1.5825218153375094
-0.14206839226827128,-0.8563988534629932,1.946379525970169,-1.0898610045680481,-0.14207677245017258,-1.5825221749287515
-0.14069502047303573,-0.8562776730193544,1.9460794892147337,-1.0896831293585914,-0.1407040607183072,-1.5825236317386437
-0.13821491034482847,-0.8560602178968262,1.9455381637385276,-1.0893624151451595,-0.13822658602984905,-1.5825263520054929
-0.1350538284329943,-0.8557833141642712,1.9448478682507915,-1.0889533920239503,-0.1350677799712674,-1.5825297982375366
-0.1315803517019294,-0.8554807866203449,1.9440894100313706,-1.088504188095147,-0.13159644279064242,-1.5825336771227523
-0.12753451628200985,-0.8551295786717983,1.9432062098416214,-1.0879812357795773,-0.12755377955474767,-1.5825382528089644
-0.12183580858234411,-0.8546341357618097,1.9419618387596778,-1.0872442779420695,-0.12185863362433569,-1.582544629892067
-0.1154900569787598,-0.8540832310932318,1.940576394837489,-1.086423929338209,-0.1155171453397843,-1.5825518025985836
-0.10833489163684895,-0.8534612894694984,1.93901397291868,-1.0854986362482286,-0.10836627109884489,-1.58255981978263
-0.10045497136805892,-0.852776739271075,1.937293406706143,-1.084479768004444,-0.10049123881250477,-1.5825686867074378
-0.09180037879367386,-0.852025231199339,1.9354039464843886,-1.0833609461724185,-0.09184289371385645,-1.5825784543220127
-0.08236303752438179,-0.8512049924279719,1.9333432059832276,-1.082140555585383,-0.08241125033545593,-1.582589034036367
-0.07361546328564561,-0.8504450679080202,1.9314331935913138,-1.0810095023851423,-0.07366912554166483,-1.5825988769972401
-0.06566230914482318,-0.8497545399901698,1.9296969119493,-1.0799813962153593,-0.0657218451567676,-1.5826078609246936
-0.058505583674338446,-0.8491323896895295,1.9281341016132707,-1.0790558601095155,-0.058569251528958866,-1.58261587009968
-0.052099160850345605,-0.8485758526378069,1.9267352656554557,-1.0782275123645668,-0.05216677398827585,-1.5826230796004364
-0.04599848486801417,-0.8480461494012044,1.9254035143230226,-1.0774389375988491,-0.04607109532005893,-1.5826299711453622
-0.041350058702484205,-0.8476420329783503,1.9243882749771117,-1.0768376858636932,-0.04142463123455986,-1.5826351706695005
-0.03783370824208099,-0.847336492680415,1.9236205702825373,-1.0763830601300244,-0.0379108774327257,-1.5826391207499562
-0.03475718121948557,-0.8470695148396681,1.922949076969001,-1.0759854930289618,-0.03483710480832514,-1.5826426214661868
-0.03214375443058337,-0.8468423013110282,1.9223781381069411,-1.0756473408054497,-0.03222425217096614,-1.5826455286997163
-0.030216860628612174,-0.8466748661544807,1.9219574404768665,-1.075398209202203,-0.030298739440931755,-1.582647693698
-0.029202015499634193,-0.8465867032673344,1.9217358531655577,-1.0752669912147264,-0.029284537538099897,-1.5826488353823622
-0.029048549837420445,-0.8465738324379775,1.9217026140775957,-1.0752473929353474,-0.029132046232715147,-1.5826490518765102
-0.029048555464064485,-0.8465738330442196,1.9217026140551354,-1.0752473929215078,-0.029132046466849637,-1.5826490518620933
-0.029048601130961416,-0.8465738361542678,1.921702613996203,-1.075247393323358,-0.029132045051444955,-1.582649052065137
-0.029049611560782118,-0.8465734356595043,1.9217026175070338,-1.0752473033514196,-0.02913243830673995,-1.582649003440415
-0.02904962050034232,-0.8465734371129523,1.921702617480964,-1.0752473035470054,-0.02913243762250861,-1.5826490035391538
-0.029049770468178693,-0.8465734786922479,1.9217026168600384,-1.0752473093892547,-0.02913241608923922,-1.5826490065308665
-0.029049772047530453,-0.8465734792881765,1.9217026168446978,-1.075247309440531,-0.029132415976975246,-1.582649006554405
-0.029049791886317955,-0.8465734811536629,1.9217026168119524,-1.0752473096881667,-0.029132415113221732,-1.5826490066789374
-0.029048549581980332,-0.846573832906345,1.9217026140663531,-1.0752473929695414,-0.02913204613859044,-1.5826490518924272
-0.029048555359773687,-0.8465738331554835,1.9217026140535634,-1.0752473929350321,-0.029132046413601564,-1.5826490518689695
-0.029048601100754468,-0.8465738361697808,1.9217026139966258,-1.0752473933289357,-0.029132045021990294,-1.58264905206826
-0.029049611623837457,-0.846573435620221,1.9217026175080463,-1.075247303347263,-0.029132438318306697,-1.5826490034383802
-0.029049620536709675,-0.8465734370845484,1.9217026174817704,-1.0752473035447387,-0.02913243762691753,-1.5826490035381164
-0.029049770511226924,-0.8465734786712167,1.9217026168606761,-1.07524730938799,-0.02913241609024908,-1.5826490065303425
-0.029049772066024104,-0.8465734792758663,1.92170261684514,-1.0752473094402877,-0.029132415974731707,-1.5826490065543908
-0.02904979189345802,-0.8465734811469225,1.9217026168122686,-1.0752473096885433,-0.029132415109076604,-1.5826490066792278
-0.029048549565458437,-0.8465738329077315,1.921702614066545,-1.0752473929713924,-0.029132046128468758,-1.5826490518934992
-0.02904855534873363,-0.8465738331546451,1.9217026140537339,-1.0752473929360802,-0.029132046407412737,-1.5826490518695913
-0.029048601097011684,-0.8465738361675665,1.9217026139967786,-1.0752473933294828,-0.02913204501825728,-1.5826490520686036
-0.02904961163300257,-0.8465734356132781,1.921702617508215,-1.075247303346571,-0.029132438320227827,-1.5826490034380463
-0.029049620541891308,-0.846573437080143,1.9217026174818912,-1.075247303544388,-0.0291324376276334,-1.5826490035379566
-0.02904977051727453,-0.8465734786681463,1.9217026168607667,-1.0752473093878017,-0.029132416090426716,-1.5826490065302634
-0.029049772068632684,-0.8465734792741042,1.9217026168452023,-1.0752473094402495,-0.02913241597443683,-1.5826490065543855
-0.029049791894475874,-0.8465734811459669,1.921702616812313,-1.075247309688593,-0.029132415108511722,-1.582649006679267
-0.029048549563173154,-0.8465738329079233,1.9217026140665716,-1.075247392971649,-0.029132046127065436,-1.5826490518936476
-0.02904855534720774,-0.8465738331545296,1.921702614053757,-1.075247392936225,-0.02913204640655298,-1.5826490518696783
-0.029048601096495652,-0.846573836167261,1.9217026139967999,-1.0752473933295583,-0.029132045017737696,-1.5826490520686507
-0.029049611634271777,-0.8465734356123171,1.9217026175082346,-1.075247303346476,-0.029132438320492504,-1.582649003438001
-0.029049620542608956,-0.8465734370795328,1.921702617481909,-1.075247303544339,-0.0291324376277311,-1.5826490035379335
-0.02904977051810942,-0.8465734786677226,1.9217026168607791,-1.075247309387776,-0.02913241609044981,-1.5826490065302519
-0.02904977206899595,-0.8465734792738608,1.921702616845213,-1.075247309440245,-0.02913241597439331,-1.5826490065543846
-0.029049791894617094,-0.8465734811458354,1.9217026168123184,-1.0752473096886002,-0.029132415108432674,-1.5826490066792722
-0.029048549562856962,-0.84657383290795,1.9217026140665752,-1.0752473929716846,-0.029132046126874478,-1.582649051893668
-0.02904855534699724,-0.8465738331545145,1.9217026140537605,-1.0752473929362445,-0.029132046406434853,-1.5826490518696907
-0.029048601096424598,-0.8465738361672175,1.9217026139968034,-1.075247393329569,-0.02913204501766664,-1.582649052068657
-0.029049611634447636,-0.8465734356121857,1.9217026175082417,-1.0752473033464627,-0.029132438320529808,-1.5826490034379948
-0.029049620542706656,-0.8465734370794493,1.9217026174819107,-1.0752473035443337,-0.029132437627744423,-1.5826490035379308
-0.02904977051822666,-0.846573478667664,1.921702616860781,-1.0752473093877715,-0.02913241609045425,-1.582649006530251
-0.029049772069045687,-0.846573479273828,1.921702616845213,-1.0752473094402433,-0.029132415974389758,-1.5826490065543837
-0.02904979189463841,-0.8465734811458177,1.9217026168123201,-1.075247309688601,-0.029132415108422904,-1.582649006679273
-0.02904854956281433,-0.8465738329079535,1.9217026140665752,-1.07524739297169,-0.029132046126846056,-1.5826490518936707
-0.02904855534696882,-0.8465738331545127,1.9217026140537605,-1.075247392936248,-0.029132046406418866,-1.5826490518696916
-0.029048601096414828,-0.846573836167213,1.9217026139968034,-1.0752473933295699,-0.029132045017655095,-1.5826490520686587
-0.02904961163447073,-0.8465734356121679,1.9217026175082417,-1.075247303346461,-0.02913243832053425,-1.582649003437993
-0.029049620542722643,-0.8465734370794378,1.921702617481909,-1.075247303544332,-0.029132437627748864,-1.58264900353793
-0.029049770518242646,-0.846573478667656,1.921702616860781,-1.0752473093877715,-0.029132416090455138,-1.582649006530251
-0.029049772069051905,-0.8465734792738235,1.921702616845213,-1.0752473094402433,-0.029132415974385317,-1.5826490065543846
-0.0290497918946393,-0.846573481145815,1.9217026168123201,-1.075247309688601,-0.029132415108422016,-1.582649006679273
-0.029048549562808113,-0.8465738329079544,1.9217026140665752,-1.0752473929716908,-0.029132046126841615,-1.5826490518936716
-0.029048555346964378,-0.8465738331545118,1.9217026140537605,-1.075247392936248,-0.029132046406415313,-1.5826490518696916
-0.02904860109641305,-0.8465738361672122,1.9217026139968016,-1.0752473933295708,-0.029132045017655983,-1.5826490520686587
-0.029049611634473393,-0.8465734356121644,1.9217026175082417,-1.07524730334646,-0.029132438320536913,-1.582649003437993
-0.029049620542722643,-0.846573437079436,1.921702617481909,-1.075247303544332,-0.029132437627748864,-1.58264900353793
-0.029049770518244422,-0.8465734786676551,1.921702616860781,-1.0752473093877715,-0.029132416090456026,-1.582649006530251
-0.029049772069051905,-0.8465734792738226,1.921702616845213,-1.0752473094402424,-0.029132415974387094,-1.5826490065543855
-0.029049791894641075,-0.8465734811458141,1.9217026168123201,-1.075247309688601,-0.02913241510841935,-1.582649006679273
-0.029048549562806336,-0.8465738329079544,1.9217026140665752,-1.07524739297169,-0.029132046126842503,-1.5826490518936716
-0.029048555346964378,-0.8465738331545118,1.9217026140537605,-1.075247392936248,-0.029132046406415313,-1.5826490518696925
-0.02904860109641305,-0.8465738361672113,1.9217026139968016,-1.0752473933295708,-0.029132045017655095,-1.5826490520686587
-0.02904961163447428,-0.8465734356121635,1.92170261750824,-1.07524730334646,-0.0291324383205378,-1.582649003437993
-0.029049620542722643,-0.846573437079436,1.921702617481909,-1.075247303544331,-0.029132437627749752,-1.58264900353793
-0.029049770518244422,-0.8465734786676551,1.921702616860781,-1.0752473093877715,-0.029132416090456026,-1.582649006530251
-0.029049772069052793,-0.8465734792738226,1.921702616845213,-1.0752473094402433,-0.029132415974385317,-1.5826490065543855
-0.029049791894640187,-0.8465734811458141,1.921702616812322,-1.075247309688601,-0.02913241510842024,-1.582649006679273
-0.029048549562807224,-0.8465738329079544,1.9217026140665752,-1.07524739297169,-0.02913204612684339,-1.5826490518936716
-0.02904855534696349,-0.8465738331545118,1.9217026140537605,-1.075247392936249,-0.029132046406415313,-1.5826490518696916
-0.02904860109641305,-0.8465738361672113,1.9217026139968016,-1.0752473933295708,-0.029132045017655095,-1.5826490520686578
-0.02904961163447517,-0.8465734356121635,1.9217026175082417,-1.07524730334646,-0.029132438320536025,-1.582649003437992
-0.029049620542722643,-0.846573437079436,1.921702617481909,-1.075247303544332,-0.029132437627748864,-1.58264900353793
-0.029049770518244422,-0.8465734786676551,1.921702616860781,-1.0752473093877715,-0.029132416090455138,-1.582649006530251
-0.029049772069052793,-0.8465734792738235,1.921702616845213,-1.0752473094402433,-0.029132415974385317,-1.5826490065543855
-0.029049791894640187,-0.8465734811458141,1.921702616812322,-1.075247309688601,-0.02913241510842024,-1.582649006679273
-0.029048549562807224,-0.8465738329079535,1.9217026140665752,-1.0752473929716908,-0.02913204612684339,-1.5826490518936716
-0.02904855534696349,-0.8465738331545118,1.9217026140537605,-1.075247392936248,-0.029132046406415313,-1.5826490518696907
-0.02904860109641305,-0.8465738361672122,1.9217026139968034,-1.0752473933295708,-0.029132045017655095,-1.5826490520686587
-0.02904961163447428,-0.8465734356121635,1.9217026175082417,-1.07524730334646,-0.029132438320536913,-1.582649003437993
-0.029049620542722643,-0.8465734370794351,1.921702617481909,-1.075247303544331,-0.02913243762775064,-1.582649003537929
-0.02904977051824531,-0.8465734786676542,1.921702616860781,-1.0752473093877715,-0.02913241609045425,-1.582649006530251
-0.029049772069051905,-0.8465734792738235,1.921702616845213,-1.0752473094402433,-0.029132415974387982,-1.5826490065543855
-0.029049791894641075,-0.8465734811458132,1.921702616812322,-1.075247309688601,-0.029132415108421128,-1.582649006679273
-0.029048549562806336,-0.8465738329079544,1.9217026140665752,-1.0752473929716908,-0.029132046126842503,-1.5826490518936716
-0.02904855534696349,-0.8465738331545118,1.9217026140537605,-1.075247392936249,-0.0291320464064162,-1.5826490518696916
-0.02904860109641305,-0.8465738361672122,1.9217026139968034,-1.0752473933295708,-0.029132045017655983,-1.5826490520686587
-0.02904961163447428,-0.8465734356121635,1.92170261750824,-1.075247303346461,-0.029132438320535137,-1.582649003437993
-0.029049620542722643,-0.846573437079436,1.9217026174819107,-1.075247303544332,-0.029132437627749752,-1.582649003537929
-0.029049770518244422,-0.8465734786676551,1.921702616860781,-1.0752473093877715,-0.02913241609045425,-1.58264900653025
-0.029049772069052793,-0.8465734792738226,1.921702616845213,-1.0752473094402424,-0.029132415974387982,-1.5826490065543846
-0.029049791894640187,-0.8465734811458141,1.921702616812322,-1.075247309688601,-0.029132415108421128,-1.582649006679273
-0.029048549562806336,-0.8465738329079535,1.9217026140665752,-1.07524739297169,-0.029132046126842503,-1.5826490518936716
-0.02904855534696349,-0.8465738331545118,1.9217026140537605,-1.075247392936249,-0.0291320464064162,-1.5826490518696916
-0.02904860109641305,-0.8465738361672122,1.9217026139968034,-1.0752473933295708,-0.029132045017654207,-1.5826490520686587
-0.02904961163447428,-0.8465734356121635,1.9217026175082417,-1.07524730334646,-0.029132438320535137,-1.582649003437993
-0.029049620542722643,-0.846573437079436,1.9217026174819107,-1.0752473035443328,-0.029132437627749752,-1.5826490035379308
-0.029049770518244422,-0.8465734786676551,1.921702616860781,-1.0752473093877715,-0.02913241609045425,-1.582649006530251
-0.029049772069052793,-0.8465734792738235,1.921702616845213,-1.0752473094402433,-0.029132415974386205,-1.5826490065543855
-0.029049791894640187,-0.8465734811458141,1.9217026168123201,-1.075247309688601,-0.02913241510841935,-1.582649006679274
-0.029048549562806336,-0.8465738329079535,1.9217026140665752,-1.0752473929716908,-0.029132046126840727,-1.5826490518936716
-0.02904855534696349,-0.8465738331545118,1.9217026140537605,-1.075247392936248,-0.0291320464064162,-1.5826490518696916
-0.02904860109641305,-0.8465738361672122,1.9217026139968016,-1.0752473933295708,-0.029132045017655983,-1.5826490520686587
-0.02904961163447428,-0.8465734356121635,1.9217026175082417,-1.07524730334646,-0.0291324383205378,-1.582649003437993
-0.029049620542722643,-0.846573437079436,1.921702617481909,-1.075247303544332,-0.029132437627749752,-1.58264900353793
-0.029049770518244422,-0.8465734786676542,1.921702616860781,-1.0752473093877715,-0.029132416090455138,-1.582649006530251
-0.029049772069052793,-0.8465734792738235,1.921702616845213,-1.0752473094402424,-0.029132415974387094,-1.5826490065543855
-0.029049791894640187,-0.8465734811458141,1.9217026168123201,-1.075247309688601,-0.02913241510841935,-1.582649006679274
-0.029048549562806336,-0.8465738329079535,1.9217026140665752,-1.07524739297169,-0.029132046126841615,-1.5826490518936716
-0.02904855534696349,-0.8465738331545118,1.9217026140537605,-1.075247392936248,-0.029132046406415313,-1.5826490518696925
-0.02904860109641305,-0.8465738361672122,1.9217026139967999,-1.0752473933295708,-0.029132045017655095,-1.5826490520686587
-0.02904961163447517,-0.8465734356121635,1.92170261750824,-1.07524730334646,-0.029132438320536025,-1.582649003437993
-0.029049620542722643,-0.846573437079436,1.921702617481909,-1.075247303544332,-0.029132437627749752,-1.58264900353793
-0.029049770518244422,-0.8465734786676542,1.921702616860781,-1.0752473093877724,-0.029132416090456914,-1.582649006530251
-0.029049772069051905,-0.8465734792738235,1.9217026168452147,-1.0752473094402433,-0.029132415974387094,-1.5826490065543846
-0.029049791894641075,-0.8465734811458141,1.921702616812322,-1.0752473096886002,-0.02913241510841935,-1.582649006679273
-0.029048549562806336,-0.8465738329079544,1.9217026140665752,-1.0752473929716908,-0.029132046126841615,-1.5826490518936716
-0.02904855534696349,-0.8465738331545118,1.9217026140537605,-1.075247392936249,-0.029132046406415313,-1.5826490518696925
-0.02904860109641305,-0.8465738361672113,1.9217026139968034,-1.0752473933295708,-0.029132045017655095,-1.5826490520686587
-0.02904961163447517,-0.8465734356121635,1.92170261750824,-1.07524730334646,-0.029132438320536025,-1.582649003437993
-0.029049620542722643,-0.846573437079436,1.921702617481909,-1.075247303544332,-0.029132437627748864,-1.582649003537929
-0.029049770518244422,-0.8465734786676542,1.921702616860781,-1.0752473093877715,-0.029132416090455138,-1.582649006530251
-0.029049772069052793,-0.8465734792738235,1.921702616845213,-1.0752473094402424,-0.029132415974387094,-1.5826490065543846
-0.029049791894640187,-0.8465734811458141,1.9217026168123201,-1.075247309688601,-0.02913241510842024,-1.582649006679273
-0.029048549562806336,-0.8465738329079535,1.9217026140665752,-1.07524739297169,-0.029132046126841615,-1.5826490518936716
-0.02904855534696349,-0.846573833154511,1.9217026140537605,-1.075247392936249,-0.029132046406415313,-1.5826490518696925
-0.02904860109641305,-0.8465738361672122,1.9217026139968034,-1.0752473933295708,-0.029132045017655095,-1.5826490520686578
-0.029049611634473393,-0.8465734356121635,1.9217026175082417,-1.075247303346461,-0.029132438320536025,-1.582649003437993
-0.029049620542722643,-0.846573437079436,1.9217026174819107,-1.075247303544332,-0.029132437627748864,-1.58264900353793
-0.02904977051824531,-0.8465734786676551,1.921702616860781,-1.0752473093877715,-0.02913241609045425,-1.582649006530251
-0.029049772069052793,-0.8465734792738226,1.9217026168452147,-1.0752473094402433,-0.029132415974386205,-1.5826490065543846
-0.029049791894641075,-0.8465734811458141,1.9217026168123201,-1.075247309688601,-0.029132415108421128,-1.582649006679273
-0.029048549562807224,-0.8465738329079535,1.9217026140665752,-1.0752473929716908,-0.029132046126842503,-1.5826490518936716
-0.02904855534696349,-0.8465738331545118,1.9217026140537605,-1.075247392936249,-0.0291320464064162,-1.5826490518696907
-0.02904860109641305,-0.8465738361672122,1.9217026139967999,-1.0752473933295708,-0.029132045017655983,-1.5826490520686587
-0.02904961163447428,-0.8465734356121644,1.92170261750824,-1.075247303346461,-0.0291324383205378,-1.582649003437993
-0.029049620542722643,-0.846573437079436,1.921702617481909,-1.0752473035443328,-0.029132437627749752,-1.58264900353793
-0.029049770518244422,-0.8465734786676542,1.921702616860781,-1.0752473093877715,-0.029132416090456914,-1.58264900653025
-0.029049772069052793,-0.8465734792738235,1.921702616845213,-1.0752473094402433,-0.029132415974387094,-1.5826490065543855
-0.029049791894640187,-0.8465734811458141,1.9217026168123201,-1.075247309688601,-0.02913241510842024,-1.582649006679273
-0.029048549562807224,-0.8465738329079535,1.9217026140665752,-1.0752473929716908,-0.029132046126841615,-1.5826490518936716
-0.02904855534696349,-0.8465738331545118,1.9217026140537605,-1.075247392936249,-0.029132046406415313,-1.5826490518696925
-0.02904860109641305,-0.8465738361672122,1.9217026139968034,-1.0752473933295708,-0.029132045017655095,-1.5826490520686587
-0.02904961163447517,-0.8465734356121635,1.92170261750824,-1.07524730334646,-0.029132438320536025,-1.582649003437993
-0.029049620542722643,-0.846573437079436,1.921702617481909,-1.075247303544332,-0.029132437627748864,-1.58264900353793
-0.029049770518244422,-0.8465734786676542,1.921702616860781,-1.0752473093877715,-0.029132416090455138,-1.58264900653025
-0.029049772069051905,-0.8465734792738235,1.921702616845213,-1.0752473094402433,-0.029132415974385317,-1.5826490065543855
-0.029049791894640187,-0.8465734811458141,1.921702616812322,-1.075247309688601,-0.02913241510842024,-1.582649006679273
-0.029048549562806336,-0.8465738329079535,1.9217026140665752,-1.0752473929716908,-0.02913204612684339,-1.5826490518936716
-0.029048555346964378,-0.8465738331545127,1.9217026140537605,-1.0752473929362498,-0.0291320464064162,-1.5826490518696916
-0.02904860109641305,-0.8465738361672122,1.9217026139968016,-1.0752473933295708,-0.029132045017655095,-1.5826490520686587
-0.02904961163447428,-0.8465734356121644,1.92170261750824,-1.07524730334646,-0.029132438320536913,-1.582649003437993
-0.029049620542722643,-0.8465734370794351,1.921702617481909,-1.075247303544332,-0.029132437627749752,-1.58264900353793
-0.02904977051824531,-0.8465734786676551,1.921702616860781,-1.0752473093877715,-0.029132416090456026,-1.582649006530251
-0.029049772069051905,-0.8465734792738226,1.921702616845213,-1.0752473094402433,-0.029132415974386205,-1.5826490065543837
-0.0290497918946393,-0.8465734811458141,1.921702616812322,-1.075247309688601,-0.029132415108421128,-1.582649006679274
-0.029048549562807224,-0.8465738329079544,1.9217026140665752,-1.0752473929716908,-0.029132046126842503,-1.5826490518936716
-0.02904855534696349,-0.8465738331545118,1.9217026140537605,-1.075247392936249,-0.0291320464064162,-1.5826490518696907
-0.029048601096412163,-0.8465738361672122,1.9217026139968016,-1.0752473933295708,-0.029132045017654207,-1.5826490520686587
-0.02904961163447517,-0.8465734356121644,1.9217026175082417,-1.07524730334646,-0.029132438320535137,-1.582649003437993
-0.029049620542722643,-0.846573437079436,1.921702617481909,-1.075247303544331,-0.029132437627749752,-1.58264900353793
-0.02904977051824531,-0.8465734786676542,1.921702616860781,-1.0752473093877715,-0.029132416090456026,-1.582649006530251
-0.029049772069052793,-0.8465734792738226,1.921702616845213,-1.0752473094402433,-0.029132415974387982,-1.5826490065543837
-0.029049791894640187,-0.8465734811458141,1.921702616812322,-1.075247309688601,-0.029132415108421128,-1.582649006679274
-0.029048549562806336,-0.8465738329079544,1.9217026140665752,-1.0752473929716908,-0.029132046126842503,-1.5826490518936716
-0.02904855534696349,-0.8465738331545118,1.9217026140537605,-1.075247392936248,-0.0291320464064162,-1.5826490518696916
-0.02904860109641305,-0.8465738361672122,1.9217026139968016,-1.0752473933295708,-0.029132045017654207,-1.5826490520686587
-0.02904961163447428,-0.8465734356121635,1.9217026175082417,-1.075247303346461,-0.029132438320535137,-1.582649003437993
-0.02904962054272353,-0.846573437079436,1.921702617481909,-1.075247303544332,-0.029132437627749752,-1.582649003537929
-0.02904977051824531,-0.8465734786676542,1.921702616860781,-1.0752473093877715,-0.02913241609045425,-1.58264900653025
-0.029049772069051905,-0.8465734792738226,1.921702616845213,-1.0752473094402424,-0.029132415974386205,-1.5826490065543846
-0.029049791894640187,-0.8465734811458141,1.9217026168123201,-1.075247309688601,-0.02913241510841935,-1.582649006679273
-0.029048549562806336,-0.8465738329079535,1.9217026140665752,-1.0752473929716908,-0.029132046126840727,-1.5826490518936716
-0.029048555346964378,-0.8465738331545118,1.9217026140537605,-1.075247392936249,-0.0291320464064162,-1.5826490518696907
-0.02904860109641305,-0.8465738361672122,1.9217026139968016,-1.0752473933295708,-0.029132045017655983,-1.5826490520686578
-0.02904961163447428,-0.8465734356121644,1.92170261750824,-1.07524730334646,-0.0291324383205378,-1.582649003437993
-0.029049620542722643,-0.846573437079436,1.9217026174819107,-1.075247303544332,-0.029132437627748864,-1.5826490035379308
-0.02904977051824531,-0.8465734786676542,1.921702616860781,-1.0752473093877715,-0.029132416090455138,-1.582649006530251
-0.029049772069051905,-0.8465734792738235,1.921702616845213,-1.0752473094402433,-0.02913241597438887,-1.5826490065543846
-0.029049791894640187,-0.8465734811458141,1.9217026168123201,-1.075247309688601,-0.02913241510842024,-1.582649006679273
-0.029048549562806336,-0.8465738329079544,1.9217026140665752,-1.0752473929716908,-0.029132046126841615,-1.5826490518936716
-0.02904855534696349,-0.8465738331545118,1.9217026140537605,-1.075247392936249,-0.029132046406415313,-1.5826490518696925
-0.02904860109641305,-0.8465738361672122,1.9217026139968034,-1.0752473933295708,-0.029132045017655095,-1.5826490520686578
-0.02904961163447517,-0.8465734356121644,1.9217026175082417,-1.07524730334646,-0.029132438320536913,-1.582649003437993
-0.029049620542722643,-0.8465734370794351,1.9217026174819107,-1.075247303544332,-0.029132437627748864,-1.58264900353793
-0.029049770518244422,-0.8465734786676551,1.921702616860781,-1.0752473093877715,-0.029132416090455138,-1.582649006530251
-0.028831097986155463,-0.8465441997291192,1.9216319189748603,-1.0752048203114732,-0.02891309558436994,-1.58264803414517
-0.02763533981150168,-0.846385320613539,1.9212453318874942,-1.0749725976592304,-0.027713559226783424,-1.582642762918625
-0.025850167878104457,-0.8461517144897286,1.9206682082040984,-1.0746262543541105,-0.025922055824411316,-1.5826350281619206
-0.02325587974098564,-0.845815940429981,1.9198299733312076,-1.0741235926147468,-0.023318993447804637,-1.5826239576550796
-0.01968598624180462,-0.8453532318429184,1.918675942161812,-1.0734314470252455,-0.019735735376830377,-1.5826086563121562
-0.01531329093935252,-0.8447864700221279,1.9172623923695014,-1.0725836518010903,-0.015346673549458956,-1.5825899140676398
-0.010811770617749517,-0.8442030157309155,1.9158072104456494,-1.0717108871034133,-0.010828344581664595,-1.582570619798438
-0.007024515525674069,-0.843712147936241,1.9145829469752158,-1.0709766187797172,-0.0070270159579974845,-1.5825543872632428
-0.0041589124824295,-0.8433402274144512,1.9136562470357585,-1.070420734341976,-0.0041499687752217795,-1.5825420540521087
-0.0010199344828754064,-0.8429333278217657,1.9126413304597882,-1.0698120280131773,-0.0009986724696968707,-1.582528598496424
0.0012796722986037068,-0.8426348432984474,1.9118968778235796,-1.0693655332641088,0.0013128620382811818,-1.5825187279582043
0.002875711159623151,-0.8424282432520078,1.9113817031108908,-1.0690565444291007,0.0029124631829251513,-1.5825118942334342
0.003858052766663178,-0.842301473141184,1.9110645993769548,-1.0688664434537758,0.0038974266611759845,-1.5825077376562309
0.00401005147543021,-0.8422813016462172,1.91101510241708,-1.0688366777092018,0.0040507777616287655,-1.582507036808396
0.004010188037005591,-0.8422812594795701,1.9110151030463065,-1.0688366718159612,0.004050756384207155,-1.5825070337269231
0.004011241066949722,-0.8422816269614222,1.9110150998881874,-1.0688367555083769,0.004051122257309636,-1.5825070813489237
0.004010051942490378,-0.8422813017920738,1.9110151024082285,-1.0688366777218334,0.00405077778825369,-1.582507036816386
0.004010188138669157,-0.84228125947386,1.9110151030449956,-1.068836671817146,0.004050756387291798,-1.5825070337281755
0.0040112410356289985,-0.8422816269306601,1.9110150998880968,-1.0688367555035212,0.004051122236008453,-1.5825070813464084
0.004010051958645455,-0.842281301791675,1.9110151024079798,-1.0688366777214675,0.004050777785178816,-1.5825070368161933
0.004010188157895556,-0.8422812594848716,1.9110151030446723,-1.0688366718183326,0.0040507563904030874,-1.5825070337287759
0.004010104657497848,-0.8422812660305983,1.9110151031852673,-1.0688366740930473,0.0040507674460315,-1.5825070350449781
0.004010004935626199,-0.8422812795857579,1.9110151029965348,-1.0688366756495906,0.004050772682598236,-1.582507035811016
0.004010047585654597,-0.8422813010333492,1.9110151025016986,-1.06883667749256,0.004050777047121201,-1.582507036659651
0.0040101874549671734,-0.8422812611819852,1.9110151030366662,-1.0688366719156388,0.004050756634110364,-1.5825070337585894
0.004011240979187036,-0.8422816278273197,1.91101509987746,-1.0688367555576557,0.004051122360974269,-1.5825070813657192
0.004010052064089997,-0.8422813021655191,1.9110151024028355,-1.0688366777472345,0.0040507778520844084,-1.582507036826569
0.004010188209334409,-0.8422812596298055,1.9110151030425087,-1.0688366718286915,0.004050756417690593,-1.5825070337330818
0.004010104680688187,-0.8422812660836589,1.9110151031844183,-1.0688366740967075,0.004050767455129112,-1.5825070350464827
0.004010004943951095,-0.8422812796045891,1.9110151029962026,-1.0688366756507381,0.0040507726849305925,-1.5825070358114566
0.004010047591350485,-0.8422813010412629,1.9110151025015458,-1.0688366774930884,0.004050777048258958,-1.5825070366598677
0.0040101874586842,-0.8422812611862271,1.9110151030365792,-1.0688366719159967,0.004050756635057162,-1.5825070337587537
0.00401124097687422,-0.8422816278278953,1.911015099877428,-1.0688367555575002,0.004051122359975956,-1.5825070813656117
0.004010052065382297,-0.8422813021665707,1.9110151024028035,-1.068836677747285,0.00405077785207375,-1.5825070368265859
0.004011238100973813,-0.8422816192701141,1.9110151001523334,-1.0688367548771103,0.0040511210965146205,-1.5825070810381234
0.004010196613289274,-0.8422812497835546,1.9110151033504152,-1.0688366705839698,0.004050752556245207,-1.5825070330572135
0.0040112392977595945,-0.8422816289741473,1.9110150998966304,-1.0688367556253793,0.004051122605157609,-1.582507081379953
0.004010051851212282,-0.8422813031092193,1.9110151023958988,-1.0688366778064413,0.00405077800661946,-1.5825070368471668
0.004010188272709492,-0.8422812600828085,1.9110151030370162,-1.0688366718595237,0.004050756498672925,-1.582507033745185
0.0040101047295557635,-0.8422812662625123,1.9110151031819562,-1.0688366741092494,0.004050767488392282,-1.582507035051595
0.004010004967634373,-0.8422812796702512,1.9110151029952611,-1.0688366756555139,0.00405077269798948,-1.5825070358134594
0.004010047598129951,-0.8422813010632861,1.911015102501235,-1.0688366774946694,0.0040507770525985975,-1.5825070366605285
0.004010187459533299,-0.8422812611927917,1.911015103036494,-1.0688366719164222,0.004050756636174491,-1.5825070337589198
0.004011240979308717,-0.8422816278306264,1.9110150998774031,-1.068836755557812,0.004051122361163451,-1.5825070813657671
0.004010052064860936,-0.8422813021669144,1.911015102402807,-1.0688366777473277,0.004050777852299348,-1.5825070368266072
0.004011238102192394,-0.8422816192704925,1.9110151001523423,-1.0688367548772328,0.004051121097124799,-1.5825070810381945
0.004010196612449057,-0.8422812497829595,1.9110151033504295,-1.068836670583904,0.004050752556052473,-1.5825070330571798
0.004011239298474578,-0.8422816289742183,1.9110150998966358,-1.0688367556254423,0.004051122605500446,-1.5825070813799913
0.004010051850838359,-0.8422813031089884,1.9110151023959077,-1.0688366778064324,0.004050778006635447,-1.582507036847164
0.004010188272308035,-0.8422812600825011,1.9110151030370233,-1.0688366718594953,0.004050756498594765,-1.5825070337451708
0.004010104729278652,-0.8422812662623462,1.9110151031819633,-1.068836674109244,0.00405076748840294,-1.5825070350515933
0.004010004967570424,-0.842281279670182,1.9110151029952647,-1.06883667565552,0.004050772698044547,-1.5825070358134647
0.004010047597949651,-0.8422813010631813,1.9110151025012385,-1.068836677494664,0.004050777052597709,-1.5825070366605267
0.004010187459368986,-0.8422812611926691,1.9110151030364975,-1.0688366719164097,0.004050756636144293,-1.5825070337589144
0.004011240979449049,-0.8422816278306318,1.9110150998774031,-1.0688367555578235,0.004051122361225623,-1.5825070813657742
0.004010052064792546,-0.8422813021668683,1.9110151024028106,-1.0688366777473268,0.004050777852300236,-1.5825070368266063
0.004010188209713661,-0.842281259630397,1.911015103042498,-1.0688366718287385,0.0040507564178122735,-1.582507033733103
0.004010104680896021,-0.8422812660838961,1.911015103184413,-1.0688366740967226,0.004050767455148652,-1.5825070350464872
0.0040100049440061625,-0.842281279604677,1.911015102996199,-1.0688366756507381,0.004050772684911941,-1.5825070358114566
0.004010047591456178,-0.8422813010413375,1.911015102501544,-1.068836677493092,0.0040507770482625105,-1.5825070366598704
0.0040101874587756825,-0.8422812611862991,1.9110151030365792,-1.068836671916003,0.004050756635074926,-1.5825070337587563
0.004011240976799613,-0.8422816278278944,1.9110150998774245,-1.068836755557495,0.004051122359941317,-1.5825070813656081
0.0040100520654204885,-0.8422813021665956,1.9110151024028017,-1.068836677747285,0.00405077785207375,-1.5825070368265859
0.004011238100928516,-0.8422816192701115,1.9110151001523334,-1.0688367548771067,0.004051121096492416,-1.5825070810381217
0.0040101966133256894,-0.8422812497835821,1.9110151033504152,-1.0688366705839725,0.004050752556251425,-1.5825070330572153
0.004011239297732061,-0.8422816289741455,1.9110150998966304,-1.0688367556253775,0.0040511226051460625,-1.5825070813799522
0.004010051851226493,-0.84228130310923,1.9110151023958988,-1.0688366778064422,0.0040507780066176835,-1.5825070368471668
0.0040101882727281435,-0.8422812600828209,1.9110151030370162,-1.0688366718595255,0.004050756498676478,-1.5825070337451859
0.004010104729568198,-0.8422812662625194,1.9110151031819562,-1.0688366741092503,0.00405076748839317,-1.582507035051595
0.0040100049676370375,-0.8422812796702539,1.9110151029952611,-1.0688366756555139,0.0040507726979877035,-1.5825070358134594
0.0040100475981370565,-0.8422813010632915,1.911015102501235,-1.0688366774946694,0.0040507770525985975,-1.5825070366605294
0.004010187459538628,-0.842281261192797,1.911015103036494,-1.0688366719164222,0.004050756636175379,-1.5825070337589198
0.004011240979304276,-0.8422816278306264,1.9110150998774031,-1.068836755557811,0.004051122361163451,-1.5825070813657662
0.004010052064860936,-0.8422813021669153,1.9110151024028088,-1.0688366777473286,0.004050777852296683,-1.5825070368266072
0.004011238102187953,-0.8422816192704934,1.9110151001523406,-1.068836754877232,0.004051121097121246,-1.5825070810381945
0.004010196612451722,-0.8422812497829613,1.9110151033504295,-1.068836670583904,0.0040507525560515845,-1.5825070330571807
0.00401123929847369,-0.8422816289742201,1.911015099896634,-1.0688367556254423,0.004051122605501334,-1.5825070813799913
0.004010051850840135,-0.8422813031089884,1.9110151023959077,-1.0688366778064324,0.004050778006636335,-1.582507036847164
0.004010188272308035,-0.842281260082502,1.9110151030370233,-1.0688366718594953,0.0040507564985956535,-1.5825070337451717
0.004010104729280428,-0.8422812662623471,1.9110151031819598,-1.068836674109244,0.0040507674884011635,-1.5825070350515933
0.004010004967571312,-0.842281279670182,1.9110151029952647,-1.0688366756555192,0.004050772698045435,-1.5825070358134647
0.004010047597949651,-0.8422813010631813,1.9110151025012385,-1.068836677494664,0.004050777052599486,-1.5825070366605267
0.004010187459368986,-0.84228126119267,1.9110151030364975,-1.0688366719164097,0.004050756636144293,-1.5825070337589136
0.004011240979448161,-0.8422816278306327,1.9110150998774031,-1.0688367555578226,0.004051122361225623,-1.5825070813657733
0.004010052064792546,-0.8422813021668683,1.9110151024028106,-1.068836677747326,0.0040507778523029,-1.5825070368266063
0.004010188209713661,-0.8422812596303979,1.911015103042498,-1.0688366718287385,0.0040507564178122735,-1.5825070337331022
0.004010104680895132,-0.8422812660838961,1.911015103184413,-1.0688366740967226,0.004050767455148652,-1.5825070350464872
0.004010004944005274,-0.8422812796046779,1.911015102996199,-1.0688366756507381,0.004050772684911053,-1.5825070358114566
0.004010047591456178,-0.8422813010413375,1.9110151025015458,-1.0688366774930929,0.004050777048263399,-1.5825070366598704
0.004010187458776571,-0.8422812611862991,1.9110151030365774,-1.068836671916003,0.004050756635075814,-1.5825070337587572
0.004011240976799613,-0.8422816278278944,1.9110150998774245,-1.068836755557495,0.0040511223599430934,-1.582507081365609
0.0040100520654204885,-0.8422813021665956,1.9110151024028017,-1.068836677747285,0.004050777852072862,-1.5825070368265859
0.004011238100929404,-0.8422816192701124,1.9110151001523334,-1.0688367548771067,0.004051121096492416,-1.5825070810381217
0.0040101966133256894,-0.8422812497835812,1.9110151033504152,-1.0688366705839734,0.004050752556251425,-1.5825070330572144
0.004011239297732061,-0.8422816289741464,1.9110150998966304,-1.0688367556253775,0.004051122605146951,-1.5825070813799522
0.004010051851226493,-0.84228130310923,1.911015102395897,-1.0688366778064422,0.004050778006618572,-1.5825070368471668
0.0040101882727281435,-0.8422812600828209,1.9110151030370162,-1.0688366718595255,0.0040507564986755895,-1.5825070337451859
0.004010104729568198,-0.8422812662625194,1.9110151031819562,-1.0688366741092512,0.004050767488390505,-1.582507035051595
0.0040100049676370375,-0.8422812796702539,1.9110151029952611,-1.068836675655513,0.004050772697988592,-1.5825070358134603
0.0040100475981370565,-0.8422813010632915,1.911015102501235,-1.0688366774946694,0.0040507770525985975,-1.5825070366605285
0.004010187459538628,-0.842281261192797,1.911015103036494,-1.0688366719164222,0.004050756636174491,-1.5825070337589198
0.004011240979304276,-0.8422816278306264,1.9110150998774031,-1.068836755557811,0.004051122361164339,-1.5825070813657671
0.004010052064860936,-0.8422813021669162,1.9110151024028088,-1.0688366777473277,0.004050777852300236,-1.5825070368266072
0.004011238102188841,-0.8422816192704925,1.9110151001523406,-1.068836754877232,0.004051121097121246,-1.5825070810381945
0.004010196612451722,-0.8422812497829613,1.9110151033504312,-1.068836670583904,0.004050752556053361,-1.5825070330571807
0.00401123929847369,-0.8422816289742192,1.911015099896634,-1.0688367556254423,0.0040511226054995575,-1.5825070813799913
0.004010051850841023,-0.8422813031089893,1.9110151023959059,-1.0688366778064324,0.004050778006634559,-1.582507036847164
0.004010188272308923,-0.8422812600825011,1.9110151030370233,-1.0688366718594953,0.004050756498593877,-1.5825070337451717
0.004010104729280428,-0.8422812662623471,1.9110151031819633,-1.0688366741092432,0.004050767488402052,-1.5825070350515933
0.004010004967571312,-0.8422812796701811,1.9110151029952682,-1.06883667565552,0.004050772698046323,-1.5825070358134647
0.004010047597949651,-0.8422813010631813,1.9110151025012403,-1.068836677494664,0.0040507770525985975,-1.5825070366605267
0.004010187459368986,-0.8422812611926691,1.9110151030364975,-1.0688366719164097,0.004050756636143404,-1.5825070337589153
0.004011240979449049,-0.8422816278306318,1.9110150998774031,-1.0688367555578235,0.0040511223612273994,-1.5825070813657742
0.004010052064791658,-0.8422813021668683,1.9110151024028106,-1.068836677747326,0.004050777852300236,-1.5825070368266072
0.004010188209713661,-0.8422812596303979,1.911015103042498,-1.0688366718287385,0.004050756417813162,-1.5825070337331022
0.004010104680896021,-0.8422812660838961,1.9110151031844111,-1.0688366740967217,0.004050767455148652,-1.5825070350464872
0.004010004944005274,-0.8422812796046779,1.911015102996199,-1.0688366756507381,0.004050772684911053,-1.5825070358114566
0.004010047591456178,-0.8422813010413366,1.911015102501544,-1.0688366774930929,0.0040507770482625105,-1.5825070366598704
0.0040101874587756825,-0.8422812611862991,1.9110151030365774,-1.0688366719160038,0.004050756635076702,-1.5825070337587563
0.004011240976799613,-0.8422816278278944,1.9110150998774262,-1.068836755557494,0.004051122359941317,-1.582507081365609
0.0040100520654204885,-0.8422813021665965,1.9110151024028017,-1.068836677747285,0.00405077785207375,-1.5825070368265859
0.004011238100929404,-0.8422816192701115,1.9110151001523334,-1.0688367548771058,0.004051121096491528,-1.5825070810381217
0.0040101966133256894,-0.8422812497835812,1.9110151033504152,-1.0688366705839734,0.004050752556250536,-1.5825070330572153
0.004011239297732061,-0.8422816289741464,1.9110150998966304,-1.0688367556253775,0.0040511226051460625,-1.5825070813799522
0.004010051851226493,-0.8422813031092291,1.9110151023958988,-1.0688366778064422,0.0040507780066176835,-1.5825070368471668
0.004010188272727255,-0.8422812600828209,1.9110151030370162,-1.0688366718595255,0.004050756498676478,-1.5825070337451868
0.004010104729568198,-0.8422812662625194,1.9110151031819562,-1.0688366741092503,0.0040507674883913936,-1.582507035051595
0.0040100049676370375,-0.842281279670253,1.911015102995263,-1.068836675655513,0.004050772697988592,-1.5825070358134594
0.0040100475981370565,-0.8422813010632915,1.9110151025012367,-1.0688366774946694,0.0040507770525985975,-1.5825070366605285
0.004010187459538628,-0.842281261192797,1.911015103036494,-1.0688366719164222,0.004050756636175379,-1.5825070337589207
0.004011240979303388,-0.8422816278306264,1.9110150998774031,-1.068836755557811,0.004051122361163451,-1.5825070813657671
0.0040100520648627125,-0.8422813021669153,1.9110151024028088,-1.0688366777473286,0.0040507778522984594,-1.5825070368266072
0.004011238102188841,-0.8422816192704925,1.9110151001523406,-1.068836754877232,0.0040511210971221345,-1.5825070810381945
0.004010196612451722,-0.8422812497829621,1.9110151033504295,-1.068836670583904,0.004050752556054249,-1.5825070330571807
0.004011239298472802,-0.8422816289742192,1.9110150998966358,-1.0688367556254423,0.004051122605500446,-1.5825070813799922
0.004010051850840135,-0.8422813031089884,1.9110151023959077,-1.0688366778064324,0.004050778006635447,-1.582507036847165
0.004010188272308923,-0.8422812600825011,1.9110151030370233,-1.0688366718594944,0.004050756498594765,-1.5825070337451717
0.004010104729280428,-0.8422812662623471,1.9110151031819598,-1.0688366741092432,0.004050767488403828,-1.5825070350515933
0.0040100049675722005,-0.842281279670182,1.9110151029952647,-1.06883667565552,0.004050772698044547,-1.5825070358134639
0.004010047597950539,-0.8422813010631813,1.9110151025012403,-1.0688366774946632,0.004050777052599486,-1.5825070366605267
0.004010187459368986,-0.84228126119267,1.9110151030364975,-1.0688366719164097,0.004050756636143404,-1.5825070337589136
0.004011240979448161,-0.8422816278306318,1.9110150998774031,-1.0688367555578235,0.004051122361225623,-1.5825070813657733
0.004010052064792546,-0.8422813021668683,1.9110151024028106,-1.068836677747326,0.0040507778523029,-1.5825070368266063
0.004010188209714549,-0.8422812596303979,1.911015103042498,-1.0688366718287385,0.0040507564178122735,-1.5825070337331022
0.004010104680895132,-0.8422812660838961,1.911015103184413,-1.0688366740967217,0.004050767455148652,-1.582507035046488
0.004010004944007051,-0.842281279604677,1.911015102996199,-1.068836675650739,0.004050772684911053,-1.5825070358114566
0.004010047591456178,-0.8422813010413375,1.9110151025015458,-1.068836677493092,0.004050777048263399,-1.5825070366598695
0.0040101874587756825,-0.8422812611862991,1.9110151030365774,-1.068836671916003,0.004050756635075814,-1.5825070337587572
0.0040112409767987245,-0.8422816278278944,1.9110150998774262,-1.068836755557494,0.004051122359942205,-1.582507081365609
0.004010052065421377,-0.8422813021665956,1.9110151024028035,-1.068836677747285,0.004050777852072862,-1.5825070368265859
0.004011238100928516,-0.8422816192701115,1.9110151001523334,-1.0688367548771067,0.004051121096492416,-1.5825070810381217
0.0040101966133256894,-0.8422812497835821,1.9110151033504152,-1.0688366705839725,0.004050752556251425,-1.5825070330572144
0.004011239297732061,-0.8422816289741455,1.9110150998966269,-1.0688367556253766,0.004051122605145174,-1.5825070813799513
0.004010051851226493,-0.8422813031092291,1.9110151023959006,-1.0688366778064422,0.004050778006618572,-1.5825070368471668
0.0040101882727281435,-0.8422812600828209,1.9110151030370162,-1.0688366718595255,0.0040507564986755895,-1.5825070337451859
0.004010104729568198,-0.8422812662625194,1.9110151031819562,-1.0688366741092503,0.004050767488392282,-1.582507035051595
0.0040100049676370375,-0.8422812796702539,1.9110151029952647,-1.068836675655513,0.004050772697988592,-1.5825070358134603
0.0040100475981370565,-0.8422813010632915,1.9110151025012367,-1.0688366774946703,0.004050777052600374,-1.5825070366605294
0.004010187459538628,-0.842281261192797,1.911015103036494,-1.0688366719164222,0.004050756636174491,-1.5825070337589207
0.004011240979304276,-0.8422816278306264,1.9110150998774031,-1.068836755557812,0.004051122361163451,-1.5825070813657662
0.0040100520648627125,-0.8422813021669162,1.9110151024028088,-1.0688366777473277,0.0040507778522984594,-1.5825070368266072
0.004011238102188841,-0.8422816192704925,1.9110151001523406,-1.068836754877232,0.004051121097123023,-1.5825070810381945
0.004010196612451722,-0.8422812497829613,1.9110151033504295,-1.068836670583904,0.004050752556053361,-1.5825070330571807
0.00401123929847369,-0.8422816289742192,1.9110150998966358,-1.0688367556254423,0.004051122605501334,-1.5825070813799922
0.004010051850840135,-0.8422813031089884,1.9110151023959077,-1.0688366778064324,0.004050778006634559,-1.5825070368471632
0.0040101882723098115,-0.8422812600825011,1.9110151030370233,-1.0688366718594944,0.0040507564985956535,-1.5825070337451717
0.00401010472927954,-0.8422812662623471,1.9110151031819633,-1.068836674109244,0.0040507674884011635,-1.5825070350515933
0.004010004967571312,-0.8422812796701811,1.9110151029952647,-1.0688366756555192,0.004050772698045435,-1.5825070358134647
0.004010047597949651,-0.8422813010631813,1.9110151025012385,-1.068836677494664,0.004050777052597709,-1.5825070366605267
0.004010187459368986,-0.8422812611926691,1.9110151030364975,-1.0688366719164097,0.004050756636144293,-1.5825070337589144
0.004011240979448161,-0.8422816278306318,1.9110150998774031,-1.0688367555578226,0.004051122361226511,-1.5825070813657742
0.004010052064792546,-0.8422813021668674,1.9110151024028106,-1.068836677747326,0.004050777852301124,-1.5825070368266063
0.004010188209713661,-0.8422812596303979,1.911015103042498,-1.0688366718287385,0.004050756417813162,-1.5825070337331022
0.004010104680896021,-0.8422812660838952,1.9110151031844147,-1.0688366740967217,0.00405076745514954,-1.582507035046488
0.004010004944005274,-0.842281279604677,1.911015102996199,-1.0688366756507381,0.004050772684910164,-1.5825070358114566
0.00401004759145529,-0.8422813010413375,1.911015102501544,-1.0688366774930929,0.0040507770482625105,-1.5825070366598704
0.004010187458776571,-0.8422812611862991,1.9110151030365756,-1.068836671916003,0.00405075663507759,-1.5825070337587572
0.004011240976799613,-0.8422816278278944,1.9110150998774245,-1.068836755557495,0.004051122359942205,-1.582507081365609
0.0040100520654204885,-0.8422813021665956,1.9110151024028017,-1.068836677747285,0.0040507778520746385,-1.5825070368265868
0.004011238100928516,-0.8422816192701115,1.9110151001523334,-1.0688367548771067,0.004051121096492416,-1.5825070810381225
0.0040101966133256894,-0.8422812497835821,1.9110151033504152,-1.0688366705839734,0.004050752556252313,-1.5825070330572153
0.004011239297732061,-0.8422816289741464,1.9110150998966269,-1.0688367556253766,0.0040511226051460625,-1.5825070813799513
0.004010051851226493,-0.84228130310923,1.9110151023959006,-1.0688366778064422,0.0040507780066176835,-1.5825070368471668
0.004010188272727255,-0.8422812600828209,1.9110151030370162,-1.0688366718595246,0.004050756498676478,-1.5825070337451868
0.004010104729568198,-0.8422812662625194,1.9110151031819562,-1.0688366741092512,0.00405076748839317,-1.582507035051595
0.0040100049676370375,-0.8422812796702539,1.9110151029952611,-1.068836675655513,0.0040507726979877035,-1.5825070358134594
0.004010047598137945,-0.8422813010632915,1.911015102501235,-1.0688366774946694,0.004050777052599486,-1.5825070366605294
0.004010187459538628,-0.842281261192797,1.911015103036494,-1.0688366719164222,0.004050756636175379,-1.5825070337589207
0.004011240979303388,-0.8422816278306264,1.9110150998774014,-1.068836755557811,0.004051122361162562,-1.5825070813657662
0.0040100520648627125,-0.8422813021669162,1.911015102402807,-1.0688366777473277,0.004050777852297571,-1.5825070368266072
0.004011238102188841,-0.8422816192704925,1.9110151001523406,-1.068836754877232,0.004051121097120358,-1.5825070810381945
0.004010196612450834,-0.8422812497829613,1.9110151033504295,-1.068836670583904,0.004050752556054249,-1.5825070330571815
0.00401123929847369,-0.8422816289742192,1.9110150998966358,-1.0688367556254423,0.004051122605500446,-1.5825070813799922
0.004010051850841023,-0.8422813031089884,1.9110151023959077,-1.0688366778064324,0.004050778006635447,-1.582507036847164
0.004010188272308035,-0.8422812600825011,1.9110151030370233,-1.0688366718594944,0.004050756498594765,-1.5825070337451717
0.00401010472927954,-0.8422812662623471,1.9110151031819633,-1.0688366741092432,0.004050767488403828,-1.5825070350515933
0.004010004967571312,-0.842281279670182,1.9110151029952682,-1.06883667565552,0.004050772698044547,-1.5825070358134639
0.004010047597949651,-0.8422813010631813,1.9110151025012385,-1.068836677494664,0.004050777052597709,-1.5825070366605267
0.004010187459367209,-0.84228126119267,1.9110151030364975,-1.0688366719164097,0.004050756636143404,-1.5825070337589136
0.004011240979449049,-0.8422816278306327,1.9110150998774031,-1.0688367555578226,0.0040511223612273994,-1.5825070813657742
0.004010052064792546,-0.8422813021668683,1.9110151024028088,-1.068836677747326,0.004050777852302012,-1.5825070368266063
0.004010188209713661,-0.8422812596303979,1.911015103042498,-1.0688366718287385,0.0040507564178122735,-1.5825070337331022
0.004010104680895132,-0.8422812660838961,1.911015103184413,-1.0688366740967208,0.004050767455148652,-1.5825070350464872
0.004010004944005274,-0.842281279604677,1.911015102996199,-1.0688366756507381,0.004050772684911053,-1.5825070358114566
0.004010047591456178,-0.8422813010413375,1.9110151025015458,-1.0688366774930929,0.004050777048263399,-1.5825070366598695
0.0040101874587756825,-0.8422812611862991,1.9110151030365774,-1.0688366719160038,0.004050756635075814,-1.5825070337587572
0.004011240976799613,-0.8422816278278944,1.9110150998774262,-1.068836755557495,0.0040511223599430934,-1.582507081365609
0.0040100520654204885,-0.8422813021665956,1.9110151024028,-1.068836677747285,0.004050777852072862,-1.5825070368265868
0.004011238100928516,-0.8422816192701124,1.9110151001523334,-1.0688367548771067,0.004051121096492416,-1.5825070810381217
0.0040101966133256894,-0.8422812497835821,1.9110151033504152,-1.0688366705839734,0.004050752556251425,-1.5825070330572153
0.004011239297732061,-0.8422816289741455,1.9110150998966287,-1.0688367556253766,0.004051122605145174,-1.5825070813799513
0.004010051851226493,-0.8422813031092291,1.911015102395897,-1.068836677806443,0.004050778006618572,-1.5825070368471668
0.004010188272727255,-0.8422812600828209,1.9110151030370162,-1.0688366718595246,0.0040507564986755895,-1.5825070337451859
0.004010104729568198,-0.8422812662625194,1.9110151031819562,-1.0688366741092512,0.004050767488390505,-1.582507035051595
0.004010004967637926,-0.8422812796702539,1.9110151029952647,-1.068836675655513,0.004050772697988592,-1.5825070358134603
0.0040100475981370565,-0.8422813010632915,1.9110151025012367,-1.0688366774946694,0.0040507770525985975,-1.5825070366605285
0.004010187459539516,-0.8422812611927961,1.911015103036494,-1.0688366719164213,0.004050756636174491,-1.5825070337589207
0.004011240979303388,-0.8422816278306255,1.9110150998774014,-1.068836755557811,0.004051122361164339,-1.5825070813657662
0.0040100520648627125,-0.8422813021669153,1.911015102402807,-1.0688366777473277,0.004050777852297571,-1.5825070368266072
0.004011238102188841,-0.8422816192704925,1.9110151001523406,-1.068836754877232,0.004051121097121246,-1.5825070810381945
0.00401019661245261,-0.8422812497829613,1.9110151033504295,-1.068836670583905,0.004050752556053361,-1.5825070330571807
0.004011239298472802,-0.8422816289742192,1.911015099896634,-1.0688367556254423,0.0040511226054995575,-1.5825070813799922
0.004010051850840135,-0.8422813031089893,1.9110151023959077,-1.0688366778064324,0.004050778006636335,-1.582507036847164
0.004010188272308923,-0.8422812600825011,1.9110151030370233,-1.0688366718594953,0.004050756498593877,-1.5825070337451717
0.00401010472927954,-0.8422812662623462,1.9110151031819598,-1.0688366741092432,0.00405076748840294,-1.5825070350515924
0.004010004967571312,-0.842281279670182,1.9110151029952664,-1.06883667565552,0.004050772698045435,-1.5825070358134639
0.004010047597949651,-0.8422813010631804,1.9110151025012385,-1.068836677494664,0.0040507770525985975,-1.5825070366605267
0.004010187459368986,-0.84228126119267,1.9110151030364975,-1.0688366719164097,0.004050756636142516,-1.5825070337589136
0.004011240979448161,-0.8422816278306318,1.9110150998774031,-1.0688367555578226,0.004051122361226511,-1.5825070813657733
0.004010052064792546,-0.8422813021668691,1.9110151024028106,-1.068836677747326,0.004050777852302012,-1.5825070368266063
0.004010188209714549,-0.8422812596303979,1.911015103042498,-1.0688366718287385,0.004050756417813162,-1.582507033733103
0.004010104680895132,-0.8422812660838961,1.9110151031844111,-1.0688366740967217,0.004050767455150428,-1.5825070350464872
0.004010004944005274,-0.8422812796046761,1.911015102996199,-1.0688366756507381,0.004050772684910164,-1.5825070358114557
0.004010047591456178,-0.8422813010413366,1.911015102501544,-1.068836677493092,0.0040507770482625105,-1.5825070366598704
0.0040101874587756825,-0.8422812611862991,1.9110151030365792,-1.0688366719160047,0.004050756635074926,-1.5825070337587563
0.0040112409767987245,-0.8422816278278944,1.9110150998774262,-1.068836755557494,0.004051122359941317,-1.582507081365609
