-6.247591565394471,-0.8730174040623648,2.2831071720243585,-1.4100808657030983,0.035701644894110984,-6.28311735833397
-6.247593090659706,-0.8730172428716294,2.2831071746467018,-1.4100808071262136,0.03570130893902945,-6.283117314143739
-6.2475915439067915,-0.8730174271858822,2.2831071712501902,-1.4100808695850837,0.035701666690730605,-6.2831173612126054
-6.2475932584188865,-0.8730173072880145,2.283107172649938,-1.4100808127121303,0.03570133192228653,-6.283117318101534
-6.247591495523657,-0.8730173606820149,2.2831071734186636,-1.410080862650683,0.035701633904968055,-6.283117356153825
-6.247591655545122,-0.8730174700047684,2.283107169936091,-1.4100808726344134,0.03570167779401867,-6.283117363333796
-6.247592859105368,-0.873017168834048,2.2831071767030053,-1.4100807987167272,0.03570126963253806,-6.283117308091469
-6.247591915024939,-0.8730174956971215,2.2831071693437934,-1.4100808758054795,0.035701691422544535,-6.283117365725134
-6.247592915278134,-0.8730172342615088,2.283107174443746,-1.4100808040721686,0.03570129094823482,-6.283117312082519
-6.247591769071333,-0.8730174465976521,2.283107170830366,-1.4100808718408802,0.035701675671395705,-6.283117362910188
-6.247591665360432,-0.8730174459035993,2.283107170657633,-1.4100808713723918,0.03570167429938742,-6.283117362488959
-6.247591577815793,-0.8730174229354439,2.283107171421351,-1.410080869400927,0.035701666370303364,-6.283117361037289
-6.2475915424498645,-0.8730174060158582,2.2831071721010154,-1.41008086827643,0.03570166269641639,-6.283117360116397
-6.247591783359209,-0.8730174906917885,2.283107169304781,-1.4100808745033824,0.03570168549907127,-6.283117364697836
-6.247591493702934,-0.8730173563652084,2.2831071735588626,-1.4100808623491794,0.035701632828878616,-6.283117355930531
-6.247591656589444,-0.8730174698038393,2.2831071699516574,-1.4100808726166516,0.03570167772848265,-6.2831173633129795
-6.247592859243768,-0.8730171689587376,2.283107176702824,-1.4100807987217987,0.03570126964478426,-6.283117308092095
-6.247591516612619,-0.8730173833143535,2.2831071726595127,-1.4100808642358347,0.03570163958074879,-6.283117357326508
-6.247593232327719,-0.8730172909189537,2.2831071731738106,-1.410080811394101,0.03570132672805659,-6.28311731715022
-6.247591535595637,-0.8730174175664356,2.2831071715769156,-1.4100808689883522,0.03570166481334258,-6.283117360766007
-6.247591778068442,-0.873017476939367,2.283107169754393,-1.4100808736212675,0.03570168259402351,-6.283117364040676
-6.2475914955999485,-0.8730173551592681,2.283107173629423,-1.4100808622543983,0.035701632469122835,-6.2831173558354
-6.247593193816562,-0.8730173152001388,2.2831071722872007,-1.4100808132143934,0.03570133348251847,-6.2831173185887295
-6.247591708675421,-0.8730174686700654,2.283107169825268,-1.4100808729513652,0.03570167980591954,-6.283117363713714
-6.247592891357889,-0.8730172147805213,2.283107175099442,-1.4100808024306275,0.03570128431695352,-6.283117310847253
-6.247591772845012,-0.8730174454177622,2.283107170920852,-1.4100808717360502,0.03570167526447232,-6.283117362793666
-6.2475915637319615,-0.873017377270612,2.2831071728865417,-1.410080864006054,0.03570163931165293,-6.283117357120454
-6.2475915014662595,-0.873017350485112,2.283107173870512,-1.4100808618927871,0.03570163112800184,-6.283117355493159
-6.247591973793941,-0.8730175088571475,2.283107169041866,-1.4100808767920414,0.0357016952262752,-6.2831173663430055
-6.247591532372439,-0.8730174127745638,2.2831071717272984,-1.4100808686808168,0.03570166381080764,-6.283117360543098
-6.24759177931896,-0.8730174766234562,2.283107169774281,-1.4100808736005135,0.03570168253238215,-6.283117364017333
-6.247591495797943,-0.8730173553056382,2.2831071736289523,-1.410080862261239,0.035701632489410606,-6.283117355837131
-6.247591571004541,-0.8730174424546195,2.28310717076484,-1.410080870561238,0.03570166989404644,-6.283117361902086
-6.247593183776774,-0.8730172705719514,2.2831071738117252,-1.410080809723521,0.0357013200221612,-6.283117315966444
-6.247591500007532,-0.8730173694997685,2.283107173110036,-1.4100808632738122,0.035701636145531346,-6.28311735662911
-6.247591959895848,-0.8730174897833205,2.2831071696471916,-1.4100808754731933,0.03570169051627925,-6.283117365383507
-6.247591534508336,-0.873017411759184,2.283107171794649,-1.410080868641007,0.03570166377751072,-6.283117360486269
-6.247593131833827,-0.8730172982800823,2.283107172816095,-1.410080811536874,0.03570132614223542,-6.283117317382235
-6.247591858976013,-0.8730174811833376,2.2831071697062484,-1.4100808747117028,0.03570168719045963,-6.283117365015829
-6.247591660389677,-0.8730174473776735,2.283107170537141,-1.4100808714543103,0.03570167447087069,-6.283117362604624
-6.247592895734473,-0.87301721309953,2.2831071752081478,-1.4100808022656626,0.03570128362994307,-6.283117310678815
-6.247591650060784,-0.873017438518314,2.283107170935452,-1.4100808708603152,0.03570167254850798,-6.283117362087295
-6.247591541926898,-0.8730174065911118,2.2831071720536045,-1.4100808682965038,0.035701662683415236,-6.283117360152655
-6.247593281344905,-0.873017331414049,2.2831071719147964,-1.4100808146038801,0.035701339286588585,-6.283117319456437
-6.247591493177863,-0.8730173628128792,2.2831071733149173,-1.4100808628113937,0.03570163450639363,-6.283117356301765
-6.247591961217655,-0.8730174891810751,2.2831071696768728,-1.410080875430772,0.03570169036798898,-6.283117365344068
-6.247591534803371,-0.8730174118828131,2.2831071717951943,-1.410080868643111,0.035701663772513825,-6.283117360484127
-6.247591564697376,-0.8730174043144245,2.283107172009121,-1.4100808657228283,0.03570164496748518,-6.283117358354489
-6.247593090536286,-0.8730172427927734,2.2831071746462257,-1.410080807122477,0.03570130892753731,-6.28311731414331
-6.2475915438566725,-0.8730174271312965,2.283107171251004,-1.4100808695836244,0.035701666690370004,-6.283117361212286
-6.247593258437616,-0.873017307256676,2.2831071726506362,-1.4100808127100244,0.035701331914321344,-6.283117318100208
-6.247591495523833,-0.8730173606639013,2.2831071734191895,-1.4100808626496324,0.03570163390143222,-6.283117356153122
-6.247592961491415,-0.8730172414705013,2.2831071743884053,-1.4100808046653537,0.03570129341453221,-6.283117312365849
-6.247593101008046,-0.8730172946355985,2.283107172795127,-1.4100808112337804,0.03570132485294231,-6.283117317275001
-6.247591767701608,-0.8730174486597928,2.283107170740621,-1.4100808719959392,0.035701676247684944,-6.283117363043525
-6.247591664598014,-0.8730174457654769,2.2831071706492203,-1.4100808713612505,0.035701674243443726,-6.283117362489702
-6.2475917460739625,-0.8730174344001309,2.2831071713096804,-1.4100808708900434,0.035701672046495325,-6.283117362157932
-6.2475915011979515,-0.87301735195296,2.2831071737942743,-1.4100808620152092,0.035701631603499706,-6.283117355606039
-6.247593277249924,-0.8730173204277651,2.2831071722947005,-1.4100808137304988,0.035701335891673125,-6.283117318792911
-6.247591532963016,-0.8730174196189111,2.283107171473425,-1.410080869095431,0.03570166507125183,-6.2831173608764574
-6.247593260098517,-0.8730173064230211,2.283107172687572,-1.410080812643118,0.035701331655626944,-6.28311731804148
-6.247591495788961,-0.8730173607899321,2.283107173420335,-1.410080862654814,0.03570163391549741,-6.283117356152849
-6.2475916556422435,-0.8730174700886568,2.283107169935036,-1.4100808726359189,0.0357016777901098,-6.283117363333577
-6.247592859096552,-0.8730171688850916,2.2831071767018827,-1.4100807987192345,0.03570126963963638,-6.283117308092875
-6.247591516577644,-0.8730173832462196,2.283107172660575,-1.41008086423217,0.035701639568795684,-6.283117357324645
-6.247593232343654,-0.8730172908854108,2.2831071731745407,-1.4100808113918948,0.03570132671982318,-6.283117317148848
-6.247591535586004,-0.8730174175550278,2.2831071715772513,-1.4100808689886177,0.03570166481695125,-6.283117360766285
-6.2475917780731685,-0.8730174769307801,2.283107169754686,-1.4100808736209904,0.035701682593748174,-6.283117364040491
-6.247592917628291,-0.8730172376195497,2.283107174357937,-1.4100808043330595,0.03570129197314831,-6.283117312261308
-6.24759288994101,-0.8730172175006317,2.2831071749904943,-1.4100808026650808,0.035701285266330984,-6.283117311041905
-6.247591771944944,-0.8730174454355275,2.2831071709065043,-1.4100808717436575,0.035701675299621094,-6.283117362809085
-6.247592852977065,-0.8730171987089346,2.2831071756906915,-1.4100808009843533,0.03570127828754721,-6.283117309740197
-6.247591542210031,-0.8730174079338155,2.283107171979468,-1.410080868370799,0.03570166286092835,-6.283117360231166
-6.247593265215229,-0.8730173067045666,2.2831071727527537,-1.4100808126326738,0.03570133159510647,-6.283117317977202
-6.247591497412902,-0.8730173731333011,2.283107172956239,-1.410080863540502,0.03570163713262797,-6.283117356858381
-6.247593234157882,-0.8730172897902886,2.2831071732197934,-1.4100808113031906,0.03570132637311918,-6.2831173170736445
-6.2475915359753005,-0.8730174176593746,2.283107171579438,-1.4100808689896294,0.035701664809498546,-6.2831173607624775
-6.2475917781460755,-0.8730174770446784,2.2831071697529346,-1.4100808736260806,0.03570168260749185,-6.283117364042763
-6.2475914956176615,-0.8730173552248992,2.28310717362789,-1.4100808622580319,0.03570163248104308,-6.283117355837593
-6.247591570940384,-0.8730174423927988,2.2831071707656303,-1.4100808705594572,0.035701669892737264,-6.283117361901714
-6.247593183789104,-0.8730172705361596,2.283107173812482,-1.410080809721249,0.03570132001388604,-6.283117315965059
-6.247591500008669,-0.8730173694797418,2.2831071731105936,-1.4100808632726434,0.035701636141571846,-6.283117356628338
-6.247591959907342,-0.8730174897737015,2.283107169647497,-1.4100808754726,0.03570169051422312,-6.283117365383087
-6.247591713787319,-0.8730174723458077,2.2831071697322827,-1.4100808731884555,0.03570168061701384,-6.28311736387072
-6.247591660315772,-0.873017450242358,2.283107170422177,-1.4100808716398854,0.03570167506991595,-6.283117362760717
-6.247592894710957,-0.8730172131650953,2.283107175191182,-1.4100808022789773,0.03570128369098047,-6.283117310700369
-6.247591582712742,-0.8730174273347782,2.2831071712416353,-1.4100808696980032,0.035701667348499555,-6.283117361285327
-6.24759150246298,-0.8730173545316262,2.2831071736811417,-1.4100808622221352,0.03570163239883595,-6.283117355782475
-6.247593240039219,-0.873017289698037,2.2831071733032733,-1.4100808112574565,0.035701326162707936,-6.283117316977188
-6.2475915410901495,-0.8730174308688969,2.283107171093059,-1.4100808698000415,0.03570166731412794,-6.283117361405667
-6.24759318568954,-0.8730172691183249,2.2831071738676947,-1.4100808096051196,0.03570131955536393,-6.283117315869384
-6.247591500373769,-0.8730173695601966,2.2831071731143027,-1.4100808632744632,0.03570163614336863,-6.283117356624666
-6.247591959950733,-0.8730174898872818,2.2831071696460707,-1.4100808754786645,0.03570169053406147,-6.283117365385965
-6.24759153455314,-0.8730174118082594,2.2831071717936346,-1.4100808686412396,0.03570166377086803,-6.283117360485894
-6.24759156464518,-0.8730174042397465,2.2831071720101086,-1.4100808657189248,0.03570164495496542,-6.283117358352654
-6.2475930905441945,-0.8730172427549441,2.2831071746469984,-1.4100808071202318,0.03570130891976753,-6.283117314141989
-6.247591543846924,-0.8730174271175333,2.2831071712513804,-1.4100808695837586,0.03570166669353103,-6.283117361212488
-6.247593258451001,-0.8730173072462222,2.283107172650963,-1.4100808127092845,0.03570133191148983,-6.283117318099683
-6.2475918669330595,-0.8730174858904309,2.28310716958703,-1.4100808750432705,0.035701688410759935,-6.283117365236394
-6.247591769221277,-0.8730174530323556,2.2831071705791857,-1.4100808723182974,0.035701677441783986,-6.283117363298227
-6.247591663488314,-0.8730174457806097,2.2831071706322295,-1.4100808713591615,0.03570167421295345,-6.283117362500147
-6.247591573392372,-0.8730173841497653,2.28310717263075,-1.4100808645374663,0.03570164132627518,-6.283117357535849
-6.247591544900531,-0.8730174105399584,2.2831071718647706,-1.410080868535827,0.03570166336399261,-6.283117360376677
-6.24759319233473,-0.8730172685336601,2.283107173973441,-1.4100808095123307,0.035701319143010224,-6.2831173157313245
-6.247591514471231,-0.8730173892335689,2.283107172432892,-1.4100808646642289,0.03570164115501484,-6.28311735767617
-6.247593092400381,-0.8730172409382373,2.2831071747141536,-1.4100808069693525,0.0357013083179929,-6.283117314020689
-6.247591544373659,-0.8730174271744637,2.2831071712562476,-1.4100808695819715,0.03570166667820818,-6.283117361205616
-6.247593258479592,-0.8730173073685634,2.2831071726495864,-1.4100808127170543,0.035701331940552805,-6.283117318103543
-6.247591495543516,-0.8730173607371263,2.2831071734175943,-1.4100808626536985,0.03570163391485348,-6.283117356155511
-6.247591655556924,-0.8730174700222939,2.2831071699356684,-1.4100808726342278,0.03570167778993483,-6.283117363333493
-6.2475928590988365,-0.8730171688455854,2.2831071767026607,-1.4100807987172068,0.0357012696335266,-6.283117308091772
-6.247591516578993,-0.8730173832238695,2.283107172661172,-1.4100808642308715,0.03570163956440364,-6.283117357323803
-6.2475932323558805,-0.8730172908744507,2.2831071731748764,-1.4100808113911416,0.035701326716992554,-6.283117317148317
-6.247593112450803,-0.8730173004302788,2.283107172651995,-1.4100808117001877,0.035701326716119475,-6.283117317584799
-6.247592892909615,-0.8730172231647693,2.2831071747939635,-1.4100808031426926,0.03570128719084664,-6.283117311410351
-6.247591770678127,-0.8730174457236064,2.2831071708797133,-1.4100808717711812,0.0357016754082462,-6.2831173628423524
-6.247591665871431,-0.8730174460862514,2.2831071706615553,-1.4100808713858974,0.03570167435952687,-6.283117362492332
-6.247591507794162,-0.8730173588731365,2.2831071735129314,-1.4100808625622907,0.03570163369845414,-6.283117356054825
-6.24759309973404,-0.873017239711384,2.28310717484694,-1.4100808068140385,0.03570130763466306,-6.2831173138287
-6.247591569211419,-0.8730174487872855,2.2831071705269306,-1.4100808709504662,0.03570167110697309,-6.283117362221862
-6.24759286063645,-0.8730171665116373,2.283107176784821,-1.4100807985199806,0.03570126883770719,-6.283117307936646
-6.247591517095217,-0.8730173832187518,2.2831071726688297,-1.4100808642266278,0.03570163954437344,-6.283117357314614
-6.247593232407218,-0.8730172910004903,2.2831071731736685,-1.4100808113988696,0.03570132674530058,-6.2831173171519135
-6.247591535636673,-0.8730174176133669,2.2831071715761375,-1.410080868989387,0.035701664812219924,-6.283117360766166
-6.247591778067291,-0.8730174769653001,2.283107169753757,-1.4100808736223387,0.03570168259645001,-6.283117364041282
-6.247591495600919,-0.8730173551757634,2.2831071736289257,-1.4100808622553442,0.035701632472267875,-6.2831173558360405
-6.247591570929815,-0.8730174423766126,2.2831071707660513,-1.410080870559499,0.035701669895721544,-6.283117361901878
-6.247593183799792,-0.8730172705247377,2.28310717381283,-1.4100808097205055,0.03570132001120019,-6.2831173159645415
-6.247592936243364,-0.8730172445508586,2.283107174188526,-1.4100808048972322,0.03570129423996793,-6.283117312629674
-6.247591668135497,-0.8730174563455275,2.2831071702122276,-1.4100808720523146,0.035701676478751665,-6.283117363074669
-6.247592893234536,-0.8730172135905843,2.2831071751590652,-1.4100808023229243,0.0357012838758477,-6.283117310748304
-6.247591773464824,-0.8730174455093191,2.2831071709284476,-1.410080871737117,0.0357016752620547,-6.283117362787192
-6.247591553769415,-0.8730174151691212,2.2831071716888616,-1.410080868848807,0.03570166440982625,-6.2831173606263215
-6.247592868386336,-0.8730171644188012,2.283107176951475,-1.4100807982800685,0.03570126778568028,-6.283117307672849
-6.247591565035005,-0.8730174138506008,2.283107171674189,-1.4100808664035203,0.03570164745001403,-6.283117358884191
-6.247591495673592,-0.8730173524562908,2.2831071737238258,-1.410080862063304,0.03570163178181751,-6.2831173556871125
-6.247591571659122,-0.8730174423393038,2.2831071707751605,-1.4100808705519015,0.035701669862408636,-6.283117361889622
-6.247593183877339,-0.87301727065317,2.2831071738118496,-1.4100808097279343,0.035701320037361484,-6.283117315967646
-6.247591500032838,-0.8730173695612855,2.283107173108954,-1.4100808632771633,0.03570163615652522,-6.283117356630908
-6.247591959883185,-0.8730174898115521,2.2831071696465397,-1.4100808754748053,0.03570169052170158,-6.283117365384505
-6.247591534518141,-0.8730174117685401,2.283107171794356,-1.4100808686406179,0.03570166377345796,-6.283117360485917
-6.247591564644952,-0.8730174042144601,2.2831071720107587,-1.4100808657174975,0.03570164495022521,-6.2831173583517455
-6.247593090552988,-0.8730172427432716,2.28310717464735,-1.4100808071195559,0.035701308917554186,-6.283117314141528
-6.247591744353567,-0.8730174800277819,2.2831071695462946,-1.4100808737420003,0.0357016826735439,-6.283117364221658
-6.2475917835453245,-0.873017461737442,2.2831071702917214,-1.41008087295803,0.035701679823713306,-6.2831173637706526
-6.24759166198877,-0.8730174461716711,2.28310717059928,-1.4100808713803916,0.0357016742551588,-6.2831173625313275
-6.24759289641733,-0.8730172131857366,2.2831071752169105,-1.410080802265985,0.035701283624753444,-6.283117310670396
-6.247591523071814,-0.8730173659397025,2.2831071732631933,-1.410080863108007,0.03570163578107888,-6.283117356468743
-6.247591502198177,-0.873017349699504,2.2831071739222057,-1.4100808618228609,0.03570163085188849,-6.283117355421656
-6.247591657707117,-0.8730174803948483,2.2831071695818146,-1.4100808732812675,0.03570167985271944,-6.283117363831209
-6.247591534252691,-0.8730174087866693,2.283107171895182,-1.4100808684518054,0.03570166316908896,-6.283117360341221
-6.247591565394471,-0.8730174040623648,2.2831071720243603,-1.4100808657030974,0.03570164489411187,-6.283117358333971
-6.247593090659706,-0.8730172428716294,2.2831071746467035,-1.4100808071262145,0.03570130893902945,-6.283117314143739
-6.247591543906792,-0.8730174271858822,2.2831071712501902,-1.4100808695850828,0.035701666690730605,-6.2831173612126054
-6.2475932584188865,-0.8730173072880145,2.283107172649938,-1.4100808127121303,0.03570133192228475,-6.283117318101535
-6.247591495523657,-0.8730173606820131,2.283107173418662,-1.410080862650683,0.035701633904968055,-6.2831173561538245
-6.247591655545122,-0.8730174700047684,2.283107169936091,-1.4100808726344125,0.03570167779401867,-6.283117363333796
-6.247592859105369,-0.873017168834048,2.2831071767030053,-1.4100807987167263,0.035701269632538946,-6.283117308091469
-6.247591915024939,-0.8730174956971215,2.2831071693437934,-1.4100808758054795,0.03570169142254631,-6.283117365725134
-6.247592915278133,-0.8730172342615106,2.283107174443746,-1.4100808040721686,0.03570129094823482,-6.283117312082518
-6.247591769071333,-0.8730174465976521,2.283107170830366,-1.410080871840881,0.035701675671395705,-6.283117362910188
-6.247591665360433,-0.8730174459035993,2.283107170657633,-1.4100808713723918,0.03570167429938742,-6.28311736248896
-6.247591577815792,-0.8730174229354439,2.283107171421353,-1.410080869400927,0.03570166637030514,-6.283117361037289
-6.2475915424498645,-0.8730174060158582,2.283107172101019,-1.41008086827643,0.03570166269641639,-6.283117360116397
-6.247591783359209,-0.8730174906917885,2.2831071693047793,-1.4100808745033824,0.03570168549907038,-6.283117364697837
-6.247591493702934,-0.8730173563652084,2.283107173558861,-1.4100808623491785,0.03570163282887773,-6.283117355930531
-6.247591656589443,-0.8730174698038393,2.2831071699516574,-1.4100808726166516,0.03570167772848354,-6.2831173633129795
-6.247592859243768,-0.8730171689587358,2.283107176702824,-1.4100807987217978,0.03570126964478604,-6.283117308092096
-6.247591516612618,-0.8730173833143517,2.2831071726595145,-1.4100808642358347,0.03570163958074879,-6.283117357326508
-6.247593232327719,-0.8730172909189537,2.283107173173814,-1.410080811394101,0.03570132672805837,-6.28311731715022
-6.247591535595636,-0.8730174175664356,2.2831071715769156,-1.4100808689883522,0.03570166481334258,-6.283117360766007
-6.247591778068442,-0.873017476939367,2.283107169754391,-1.4100808736212684,0.03570168259402351,-6.283117364040675
-6.251436834035616,-0.8731083144055294,2.2831725065702244,-1.4100552750347148,0.03564666200857314,-6.285012280465077
-6.287715519183363,-0.8742079172314376,2.2839623327787315,-1.4097458937341063,0.0349818044983623,-6.307920519852977
-6.330920524211717,-0.8773590420610358,2.286225757234808,-1.408859416320146,0.03307729530156944,-6.366430878545589
-6.374120260017786,-0.8831448575393352,2.290381652728085,-1.4072317340411553,0.029580364796520264,-6.430430867434733
-6.417320445860607,-0.8917475783711595,2.29656068881083,-1.404811699398735,0.024381212084585435,-6.494430874257685
-6.460518921715527,-0.9030139942662085,2.304652975670159,-1.4016423566112328,0.01757238305172404,-6.55843090460071
-6.50371943298123,-0.9165225614943946,2.3143556710951145,-1.3978422674903443,0.009408360788406789,-6.622430916263316
-6.546920789728395,-0.9316488961252993,2.325220624358714,-1.3935868810330394,0.000266233318011011,-6.686430863536911
-6.5901183632535165,-0.947633780597398,2.3367019783887226,-1.389090176500563,-0.009394581113077116,-6.750430894206624
-6.6333186031561215,-0.9636472640281859,2.3482038362818294,-1.384585407403475,-0.019072480482926757,-6.814430907261396
-6.676519331846464,-0.978855599059127,2.359127906346499,-1.3803069534167776,-0.028264091590940232,-6.878430919899201
-6.719719274223528,-0.9924898527568473,2.368920970272283,-1.3764713878472437,-0.03650427461511807,-6.942430919337342
-6.762919179341804,-1.0039086045085046,2.3771227573366396,-1.373259021104876,-0.043405589666027034,-7.006430910514074
-6.806119393292485,-1.0126668272476085,2.3834133995081217,-1.3707951623989398,-0.04869868767054353,-7.070430923122033
-6.849320741660318,-1.0185804458857302,2.387661139924756,-1.3691312820606871,-0.05227345481692769,-7.13443085738885
-6.8925189601076555,-1.0217950911542264,2.389969894686539,-1.3682269464283605,-0.05421582405815162,-7.198430906478218
-6.935719132656155,-1.0228493244396581,2.390726953310132,-1.3679302510101552,-0.054852938302006216,-7.262430911582175
-6.97892108755109,-1.0227409405464272,2.3906490308520425,-1.3679604925164401,-0.05478783898633832,-7.326430873982458
-7.022119248224847,-1.022471428735054,2.390455177925114,-1.3680362343585148,-0.05462454594665811,-7.39043091748803
-7.065319443959708,-1.0221771497111405,2.3902435333289525,-1.3681188747605662,-0.054446558094263686,-7.454430931168067
-7.108520958936712,-1.0218575064396926,2.3900139084606735,-1.3682084491480575,-0.05425393222903008,-7.518430882332672
-7.151719396733526,-1.0215133756626447,2.3897663223503542,-1.3683051755163014,-0.054045428729982525,-7.582430933930202
-7.194920828644376,-1.0211441519439308,2.389501033452552,-1.3684086752516382,-0.05382281016372126,-7.646430887376535
-7.2381179680781385,-1.0207526366125528,2.3892183523182204,-1.368518963867289,-0.05358536024847638,-7.710430897756776
-7.281320461347196,-1.0203361009341965,2.3889190437432326,-1.36863571713726,-0.053334276081780096,-7.77443083596848
-7.324520413829182,-1.0198975829131882,2.388603696878299,-1.3687588245721827,-0.05306921598105596,-7.838430838104301
-7.3677175762986975,-1.0194379636540916,2.388273092863262,-1.368887943681866,-0.052791010837895946,-7.902430879367327
-7.41091792059273,-1.0189582562431418,2.387928078032852,-1.3690226580478209,-0.05250089230845134,-7.9664308975366485
-7.45412033207927,-1.018459342631715,2.3875695279435885,-1.3691625417120443,-0.05219999966445421,-8.030430837897226
-7.497320281062967,-1.0179431343658294,2.3871983194030406,-1.3693074565637264,-0.05188798793558913,-8.09443084000678
-7.540517550657515,-1.0174106312475537,2.3868153123945977,-1.3694570304882392,-0.051565751675991756,-8.15843087962052
-7.58371788887235,-1.0168627937976709,2.3864213167722728,-1.3696108633277921,-0.05123447791554003,-8.222430895988715
-7.626920166143218,-1.016300341891764,2.3860170574752466,-1.3697685977699123,-0.050895137679848546,-8.286430840522652
-7.6701205550418585,-1.0157246355472953,2.3856031552095995,-1.3699301917009068,-0.05054719859304857,-8.350430844684059
-7.713320364040259,-1.015136234515447,2.385180069779244,-1.3700953441025119,-0.05019164465906911,-8.414430839106458
-7.75651792308031,-1.0145358898552281,2.384748111023953,-1.3702640363239382,-0.04982818685245949,-8.478430893085624
-7.799718445994893,-1.0139230431372255,2.384307425050176,-1.3704360869554302,-0.049457726215213604,-8.542430901001058
-7.842919790944056,-1.013297533259161,2.3838578938857715,-1.3706114993007867,-0.04908035416636025,-8.606430841362174
-7.886118643321437,-1.0126597306846143,2.3833991329956508,-1.3707906744515803,-0.04869429982076312,-8.670430899056235
-7.929318671159829,-1.0120074564938193,2.382930550806151,-1.3709736587545631,-0.04830022366440723,-8.734430918711219
-7.972516850719371,-1.0113390483124682,2.3824512076988587,-1.3711608922057348,-0.04789689293780253,-8.798430950887976
-8.015716879059028,-1.0106553632996356,2.381959672947495,-1.371352775583178,-0.0474837763995648,-8.862430946526572
-8.05891994736185,-1.0099524653775447,2.3814541448560966,-1.3715501954987497,-0.047058451749010466,-8.926430998549307
-8.102116246621721,-1.009220738493486,2.3809282977848056,-1.371755389122642,-0.04661702250027577,-8.990430928508989
-8.14531948114003,-1.008450568536018,2.3803744783150727,-1.3719716523221228,-0.04615114246313201,-9.05443097407495
-8.188516543821027,-1.007636481337121,2.379789189874293,-1.3722000834062555,-0.0456595614211972,-9.08762310347631
-8.231717123576956,-1.006778993889279,2.379172459761641,-1.3724408698972645,-0.04514104787183015,-9.069752415169322
-8.2749193884887,-1.0058813809925073,2.378527155453554,-1.3726928182669793,-0.04459844909796118,-9.051053321006243
-8.318119275792071,-1.0049510284717211,2.3778581250502313,-1.372954006999283,-0.044036078422985625,-9.031666947814946
-8.361319833801296,-1.0039962298158542,2.377171507382137,-1.3732220639521087,-0.04345888082354232,-9.011771041039221
-8.404519229469715,-1.003025963232833,2.3764739465260174,-1.3734943690846748,-0.04287265697841125,-8.991557664249218
-8.447719653418064,-1.0020495746967981,2.3757717749280687,-1.3737685000168565,-0.04228237931288348,-8.971211091775253
-8.490917169385156,-1.001073897929782,2.375070337317201,-1.3740422797684069,-0.04169312614677967,-8.950885388202831
-8.534119294748926,-1.0001041205092118,2.3743731372668737,-1.3743144881361573,-0.04110690866642397,-8.930682495942225
-8.577319087979252,-0.999141751202492,2.3736811071265063,-1.3745846455536501,-0.04052526174355631,-8.910629625776235
-8.620517150419198,-0.9981832992063637,2.3729918536680152,-1.3748536907573783,-0.03994611819216409,-8.890657313743754
-8.66371717459463,-0.997219840929505,2.3722991453940274,-1.3751241078878662,-0.0393639078056518,-8.870584679663109
-8.70691970624911,-0.996243141481175,2.3715967851215947,-1.3753983497124445,-0.03877323365208696,-8.85023258190851
-8.750119427788515,-0.9952489726360376,2.370882112035119,-1.3756772999982072,-0.03817284773706664,-8.829522836693522
-8.793319916123092,-0.9942374793417823,2.3701546618484954,-1.3759613143281157,-0.03756123619145413,-8.808443881058981
-8.836520517946646,-0.9932095906650709,2.369415838441107,-1.3762496768426766,-0.036940619466925284,-8.78703464938912
-8.879716602411978,-0.9921697993217453,2.368668198851246,-1.3765415455496885,-0.036312160680737726,-8.76537066846513
-8.922919064125585,-0.9911223217105807,2.3679151541051944,-1.3768355778273218,-0.035678930938209064,-8.743549041352669
-8.966119903497368,-0.9900725594321642,2.3671602238766223,-1.3771302886780328,-0.035044326780163004,-8.721674170054591
-9.00931994160573,-0.9890247667432899,2.3664068328080354,-1.3774244073594826,-0.0344110461693905,-8.699843172899932
-9.05251923928188,-0.9879826622941241,2.3656575731615987,-1.3777169284942445,-0.03378123237383335,-8.67813138468422
-9.09571895559123,-0.9869481930693205,2.364913751197683,-1.3780073011003093,-0.03315603688923563,-8.656577820958418
-9.138916685074943,-0.9859208189516089,2.364174968613554,-1.3782956399017134,-0.03253545404885294,-8.635170587545884
-9.1821196196633,-0.9848969068021738,2.3634386708301314,-1.378583136659567,-0.03191621443437587,-8.613835071346804
-9.225319245666865,-0.9838730912592926,2.362702522661799,-1.37887051018601,-0.03129750925378616,-8.592503736589247
-9.268518887314531,-0.982849286937828,2.361966374047153,-1.3791578846970545,-0.030678799208611274,-8.571172402625624
-9.311716989091213,-0.9818251876983339,2.3612302358627506,-1.37944520519806,-0.03006038819203649,-8.549841028296179
-9.354918293000562,-0.9808014155112232,2.360494086015164,-1.3797326069816966,-0.02944150267688883,-8.528509714956982
-9.398118300966827,-0.9797778032918494,2.3597579310444345,-1.380020005389114,-0.028822669332618567,-8.507178399173133
-9.441318508353397,-0.9787540357551752,2.359021780811922,-1.3803073897353126,-0.02820389945305113,-8.48584707266257
-9.484518345921938,-0.9777300711399715,2.358285637663455,-1.380594750395188,-0.027585252608415267,-8.464515728271197
-9.527718675118088,-0.9767065178476102,2.3575494800849874,-1.380882157252266,-0.02696637406923852,-8.44318441858401
-9.570918441500837,-0.9756825712096653,2.3568133363765966,-1.381169519719494,-0.02634772238362526,-8.42185307535857
-9.614118631705495,-0.9746587919756067,2.356077186255117,-1.3814569022884964,-0.02572896344610065,-8.400521747314807
-9.657317895169866,-0.9736355834385577,2.3553409862708587,-1.3817441870764338,-0.02511069480101913,-8.379190370182897
-9.700520188049925,-0.9726120961087652,2.3546048289454404,-1.3820314936099747,-0.024492367109989033,-8.357858981684677
-9.743720548597036,-0.971588396711109,2.353868689800432,-1.3823189146401011,-0.02387338451571175,-8.336527675357285
-9.786917512273998,-0.9705650485650263,2.3531324970712078,-1.3826063033940006,-0.0232545615481774,-8.315196373778635
-9.83012004696534,-0.9695405870930642,2.3523964093785885,-1.3828937073714629,-0.022635744734474272,-8.293865030953032
-9.873319237679425,-0.9685158755302989,2.351660294320773,-1.383181175407941,-0.022016504467432085,-8.272533762776675
-9.916518954999393,-0.9674919440092644,2.350924150554592,-1.3834685407963372,-0.021397842454492277,-8.251202420771108
-9.95971763859941,-0.9664696236502248,2.350187913407815,-1.3837557849230961,-0.02077980923593703,-8.229871020522108
-10.002916773463483,-0.9654459376009168,2.3494517476397476,-1.3840432012182493,-0.02016084423902864,-8.208539727200474
-10.046119358259764,-0.9644206720314266,2.3487156998708194,-1.3843307044224797,-0.01954147925612748,-8.18720844832208
-10.060259502795443,-0.9633965639684252,2.3479795656777878,-1.38461805041511,-0.018922943234604084,-8.165877088858624
-10.017058333916466,-0.9623745162195405,2.347243300600084,-1.3849052769486878,-0.018304945888811375,-8.144545689466188
-9.973860308073936,-0.9613489691629997,2.3465072674794687,-1.3851928277830643,-0.017685334857842072,-8.123214442289814
-9.930657363561323,-0.9603265925327964,2.345771008867022,-1.385480051072796,-0.017067349776689333,-8.101883043341942
-9.887458788172157,-0.959302055383187,2.3450349032047733,-1.3857674250235874,-0.016448677534540046,-8.080551693064931
-9.844258445260676,-0.9582784611730162,2.3442987573484366,-1.3860549067489876,-0.015829385800089746,-8.059220433976694
-9.801057444637005,-0.9572554409705365,2.343562552094669,-1.3863422136875307,-0.015210992953528901,-8.03788907316224
-9.75786184000807,-0.9562310388284132,2.3428264791634845,-1.3866296081490859,-0.014592263960532037,-8.016557712089416
-9.714657460445423,-0.955207743520246,2.3420902595321245,-1.3869169780045283,-0.013973478460081346,-7.99522641483877
-9.671458101070273,-0.9541830563851672,2.341354174569842,-1.3872044380460125,-0.013354355923747896,-7.973895118555186
-9.628259151945645,-0.9531590922952304,2.340618030175687,-1.3874917675258063,-0.012735901606202304,-7.9525637501657345
-9.58506025838594,-0.9521344505482912,2.3398819452796857,-1.3877792355346923,-0.012116711802538482,-7.931232458153869
-9.541860493022785,-0.9511108800675423,2.3391457908090665,-1.3880666482177748,-0.011497808520521069,-7.9099011519486435
-9.498659943349283,-0.9500869085500003,2.338409648774082,-1.3883540081037031,-0.010879177583661637,-7.888569805717947
-9.455459662584179,-0.9490630597935468,2.3376735025169495,-1.3886413851982473,-0.01026045463385028,-7.867238472456228
-9.412257553322775,-0.9480390790915418,2.336937359849067,-1.3889287189959258,-0.009641983453026803,-7.845907106274097
-9.369060057484612,-0.9470154194695581,2.3362012071311575,-1.3892161533029093,-0.009022916198391684,-7.824575816911141
-9.325859699319395,-0.9459914281342936,2.3354650664723007,-1.389503514207255,-0.008404276836919244,-7.8032444711811735
-9.282659573092609,-0.9449677444873288,2.3347289152349227,-1.3897909108427822,-0.007785457146033181,-7.781913152723309
-9.23945993175068,-0.9439439256018822,2.3339927674880503,-1.3900782969269425,-0.007166678270579929,-7.760581826369233
-9.196258459506609,-0.9429198225823026,2.3332566300763258,-1.3903656292909723,-0.0065482033708201826,-7.739250458792427
-9.153060301375092,-0.9418960865001917,2.332520480154086,-1.3906530465019173,-0.0059292381950646345,-7.717919156565048
-9.109858194943666,-0.9408723660410381,2.331784327846462,-1.3909404017826876,-0.005310670340959334,-7.696587806247438
-9.066661289266616,-0.939848620896159,2.3310481772136544,-1.3912278342850346,-0.004691596183191038,-7.675256516615813
-9.023461139350383,-0.93882492492056,2.3303120252146208,-1.391515221998084,-0.004072828304398257,-7.653925191529851
-8.98025756153362,-0.9378007411863507,2.3295758903998607,-1.3918025174918434,-0.0034545818912201653,-7.632593795904979
-8.937058189426466,-0.9367768918640333,2.3288397435302297,-1.392089900818398,-0.0028358084673056894,-7.611262468104631
-8.893857876398222,-0.9357530626418882,2.3281035963588117,-1.3923772694344594,-0.0022171411755849135,-7.589931127491189
-8.850658039098855,-0.9347292409222323,2.3273674478221498,-1.3926646493654182,-0.0015983917141042525,-7.568599797861884
-8.807461060563703,-0.9337057048634545,2.3266313065104782,-1.3929520883140594,-0.0009793193791747257,-7.547268502432598
-8.764258064986436,-0.9326840088232053,2.325894994505001,-1.3932393036652053,-0.00036139580810701233,-7.52593711934346
-8.721058578843849,-0.9316594872596067,2.3251588998979393,-1.3935267495284007,0.00025759689615867387,-7.504605815052517
-8.677860591025915,-0.9306342939597521,2.3244228561341256,-1.3938141915033846,0.0008767137020271321,-7.483274488871562
-8.634657788078485,-0.92961253839192,2.3236865330630962,-1.3941013167541838,0.0014941587547525614,-7.461943046814417
-8.591461323375217,-0.9285865129924566,2.3229505562685304,-1.3943889922322468,0.002114436253675578,-7.440611864197337
-8.548258493767001,-0.9275627769288342,2.3222144037680543,-1.3946763366418438,0.0027329453449276286,-7.419280505787535
-8.505058491148272,-0.9265389455838093,2.3214782561205265,-1.3949637162373367,0.003351690152873843,-7.397949175434546
-8.461858482393895,-0.9255151239745114,2.3207421083373987,-1.3952510957409459,0.00397043266644026,-7.376617844924535
-8.418660891036343,-0.9244914125429258,2.3200059569144855,-1.395538521391959,0.004589460762296049,-7.355286551051716
-8.375460302154393,-0.9234673845607766,2.3192698172144404,-1.395825876637895,0.005208071243036905,-7.333955202163709
-8.332260818449026,-0.9224435839818508,2.3185336691873424,-1.3961132673754806,0.005826884966424473,-7.312623880091615
-8.28905923946875,-0.9214220036632348,2.3177973824216807,-1.3964004780727226,0.006444751430928264,-7.291292473391252
-8.245859272462482,-0.9203981801334535,2.3170612336406577,-1.3966878545073182,0.007063485851380946,-7.269961141637544
-8.20265926088835,-0.9193743779792385,2.3163250842795797,-1.3969752325381437,0.007682226191450425,-7.2486298109853315
-8.159459218274515,-0.918350566612741,2.3155889351289076,-1.3972626093035236,0.008300960659067158,-7.227298479398798
-8.116259215648867,-0.9173267592749372,2.314852786025071,-1.3975499874125905,0.008919702136907404,-7.205967148705312
-8.073059215081063,-0.9163029515024057,2.314116636967741,-1.3978373657315775,0.009538444673037105,-7.184635818127287
-8.029859281855547,-0.9152791088827392,2.3133804901172397,-1.3981247492929159,0.01015721324646357,-7.163304490539174
-7.986659273090066,-0.9142553472415322,2.3126443382673436,-1.3984121257715518,0.010775947082285242,-7.141973159661854
-7.943459246259241,-0.9132315661568313,2.3119081871414124,-1.3986995030073617,0.011394685074038513,-7.120641829241158
-7.900258816618155,-0.9122077835243942,2.3111720316407354,-1.398986860787499,0.012013329316378218,-7.0993104873649235
-7.85705825461614,-0.9111814150985644,2.3104360470193868,-1.39927438713341,0.012632743150094328,-7.077979200543911
-7.813860950949955,-0.9101576296513709,2.309699861627566,-1.3995618279545035,0.013251826426103896,-7.056646924879112
-7.770661440564516,-0.909130901052638,2.3089615289172,-1.3998500751475191,0.013872497909507508,-7.035252445829467
-7.727460536295704,-0.9080957470776774,2.308217236321667,-1.4001406281650794,0.014498017249270134,-7.013685022902367
-7.684260890855999,-0.9070506562739826,2.307465797121079,-1.4004339837238788,0.015129652457786413,-6.991910592531146
-7.641060908121482,-0.9059970756018334,2.306708477079411,-1.4007295853193078,0.015765909623594254,-6.9699652402776096
-7.597857864273763,-0.9049397063452034,2.3059482597561445,-1.4010263177600963,0.01640467367341536,-6.947936622985633
-7.55466056910252,-0.9038843810941071,2.305189320997096,-1.4013226545553623,0.017042909603151024,-6.92594500922484
-7.511460854537126,-0.9028368049185236,2.3044363014441487,-1.4016165806220542,0.017675577313578827,-6.904124279527327
-7.46826130083369,-0.9018039051347628,2.3036936214829247,-1.4019065090705656,0.018299793147113164,-6.8826036199742155
-7.425058170934155,-0.900790826725391,2.302964901476953,-1.4021909916254653,0.01891233684479854,-6.861488276755588
-7.381858129379605,-0.8997998475775102,2.302252355264171,-1.4024691561635043,0.019511232867491124,-6.84084087316016
-7.338658093456534,-0.8988313887665136,2.3015560018196233,-1.4027409994539575,0.02009651927012257,-6.820662685328143
-7.295868771891595,-0.8978816585725511,2.3008731145300487,-1.4030075858186901,0.020670487329943477,-6.800874705773735
-7.2561816835849,-0.8969411103196663,2.300196828180354,-1.4032715954889285,0.021238908202310114,-6.781278002444948
-7.216358921493913,-0.8959973421808805,2.299518229985331,-1.4035365076267334,0.021809272221279485,-6.761614303463758
-7.176135460915346,-0.8950440758691567,2.298832803766718,-1.4038040853222284,0.02238537545846686,-6.741752746706455
-7.135505125635529,-0.8940811658038132,2.298140444279147,-1.4040743696965352,0.02296730651082779,-6.721690283210397
-7.094666500049202,-0.8931133185874529,2.2974445354886797,-1.4043460397447394,0.023552221322752587,-6.701524970255877
-7.053968841118028,-0.8921488115668907,2.296751028907739,-1.404616772148616,0.024135117775137438,-6.681429264403151
-7.013857992276634,-0.8911982110778922,2.296067521909217,-1.404883601031833,0.024709610208120125,-6.661623314511274
-6.974822296864966,-0.8902730907174448,2.2954023360714757,-1.4051432778074355,0.025268704313154977,-6.642348254800109
-6.937338511076905,-0.8893847492973972,2.29476359552476,-1.4053926309703888,0.025805571758878543,-6.623839497881059
-6.901817716723134,-0.8885429291418845,2.294158305284503,-1.4056289258790589,0.02631432471589079,-6.606300027777961
-6.868551234758035,-0.8877545345014806,2.293591429575793,-1.405850224552255,0.026790790514388263,-6.589873692964622
-6.837656538701725,-0.8870223494054024,2.2930649701917165,-1.4060557454953617,0.02723328647001555,-6.574618499414953
-6.809026336545345,-0.8863439491735594,2.2925770419710467,-1.4062462938971088,0.027643794653746667,-6.560479957963812
-6.782261307152682,-0.8857093940673284,2.2921209700930287,-1.4064243075967342,0.028026968260247642,-6.547264135990138
-6.756689856275761,-0.8851033634543626,2.2916852210891747,-1.4065944167905062,0.028393221775504962,-6.534637448759471
-6.731909146136023,-0.8845161566169217,2.2912629453509066,-1.4067592761462722,0.02874819245575555,-6.522401226937419
-6.7078098568895035,-0.8839449988237149,2.2908522824581006,-1.4069195911088261,0.029093357307066192,-6.510501447947034
-6.684304315689574,-0.8833879523429573,2.290451738192015,-1.4070759587313866,0.029430027180634255,-6.498894905256377
-6.661319639578885,-0.8828438671924772,2.290060042967202,-1.4072287719719458,0.02975886183333465,-6.487546403270292
-6.638803225665249,-0.8823101150117427,2.2896763652230447,-1.4073785309501083,0.03008120627672728,-6.476428363024943
-6.616712609906804,-0.8817866037883704,2.2892999247250767,-1.4075255211707391,0.030397801631405486,-6.465520267424316
-6.595018332469483,-0.8812724118804933,2.2889302480118943,-1.4076698418239637,0.030708544039486085,-6.45480804138504
-6.573704696049356,-0.8807672524466987,2.2885670565053537,-1.4078116328813302,0.031013843167736255,-6.444283761720717
-6.552766734421403,-0.8802710027124458,2.288210268273531,-1.407950924257439,0.03131375994645236,-6.43394503446279
-6.53220918780651,-0.8797833630359211,2.2878600117446446,-1.4080876796269433,0.03160814865054906,-6.423794502576859
-6.512050826525052,-0.8793055184286711,2.2875164648804933,-1.4082218343314512,0.031897139841371214,-6.413839462419387
-6.4923085735092725,-0.878837623908229,2.287180048336584,-1.4083531651324757,0.03217989994897774,-6.404091115741847
-6.473015012078392,-0.878380446957685,2.2868512763547386,-1.408481520729426,0.03245627365949133,-6.394564344350649
-6.454206743141312,-0.8779348610098712,2.286530763743057,-1.4086066622684958,0.032725776334240564,-6.385277056195598
-6.435921383292991,-0.8775011688730849,2.2862192393353187,-1.4087281918010524,0.03298713346546389,-6.37624962368069
-6.418211842521373,-0.8770816405056099,2.2859174454261773,-1.4088460289817792,0.033240919155787196,-6.367504750024126
-6.401125073998526,-0.8766766366497993,2.285626240307833,-1.4089597518773376,0.03348592281914353,-6.359066457051354
-6.384707516947099,-0.8762876153565742,2.285346478720726,-1.4090689726912302,0.033721092448425694,-6.350959864104193
-6.369014410877971,-0.8759158177155033,2.2850790495678694,-1.409173388627626,0.03394596478029133,-6.343210733788365
-6.354096940428872,-0.8755622798501239,2.284824851389896,-1.4092726228316295,0.03415961687389135,-6.335844837015672
-6.340004572782496,-0.875228203047369,2.2845847578584593,-1.4093663006196877,0.034361117797709895,-6.328887509308927
-6.326793989528689,-0.8749150102919128,2.2843596090695524,-1.4094542270339305,0.03455055559222853,-6.322363289855486
-6.31450465199743,-0.8746237849178797,2.284150194054151,-1.4095359808323238,0.034726576090338135,-6.31629508963805
-6.303181887385036,-0.8743555855944312,2.2839572394332155,-1.4096113216375308,0.03488883751045879,-6.3107040168842925
-6.292862988861105,-0.8741110221304442,2.2837813993088876,-1.4096799661525736,0.03503662813637565,-6.305608692146347
-6.283610285440555,-0.8738910009223311,2.283623210611829,-1.4097417194841508,0.03516958329483799,-6.301024846405519
-6.275356706093581,-0.8736961312150715,2.2834830969832254,-1.409796416999038,0.03528734655499299,-6.296964772480544
-6.268212039959472,-0.8735267957757955,2.2833613477002057,-1.4098439453939804,0.03538967567123752,-6.293436837390319
-6.2621528506405895,-0.8733832082325801,2.283258098172153,-1.4098842527390225,0.03547645669512267,-6.2904449851973
-6.257177618700104,-0.8732650528477759,2.2831733234102334,-1.4099173280423916,0.03554761569661391,-6.287988218833292
-6.253273248255916,-0.8731727056331966,2.28310677961327,-1.4099433219025626,0.035603635927691,-6.286060184140229
-6.250412375143493,-0.8731047538837533,2.283058068966845,-1.409962297199825,0.03564433188542271,-6.284648479652915
-6.2485630822670295,-0.8730608840106076,2.283026525976192,-1.409974634259811,0.03567099716130162,-6.283734464433336
-6.247666092000625,-0.8730396506375264,2.2830112704171377,-1.4099805639979728,0.03568365520790895,-6.283292383123039
-6.2475583321364345,-0.8730370779826977,2.283009404052784,-1.409981318284057,0.03568538794410436,-6.283238326969791
-6.247556624454346,-0.8730370061215176,2.283009405490965,-1.4099812872156408,0.035685201529010335,-6.283238300714685
-6.247558555310889,-0.8730372598597977,2.2830093976900905,-1.4099813373316277,0.035685483644768645,-6.2832383419248
-6.24755825563235,-0.8730370891129766,2.2830094037198148,-1.409981318729196,0.03568538790923714,-6.283238327228
-6.247558318077469,-0.8730372986975699,2.2830093965945792,-1.4099813390360527,0.035685484756188046,-6.283238343069665
-6.247556677517036,-0.8730369717067195,2.2830094064386497,-1.409981283280704,0.035685185018109244,-6.283238297650806
-6.247558087205109,-0.8730371182178303,2.2830094028920342,-1.4099813198966453,0.035685388424122166,-6.283238328017252
-6.247558629660353,-0.8730372288320627,2.2830093984908224,-1.409981334726842,0.035685474360570346,-6.283238339881986
-6.247556589276123,-0.8730370545443602,2.2830094042287143,-1.4099812927613247,0.035685225284348476,-6.283238305135049
-6.247558344806761,-0.8730372598652245,2.2830093975743218,-1.4099813365701745,0.035685475883178164,-6.283238341092523
-6.24755664448575,-0.8730370155603335,2.283009405299037,-1.4099812891008554,0.03568521060262331,-6.283238302279233
-6.247558175536374,-0.873037099188462,2.2830094034379798,-1.4099813191433137,0.035685387694757154,-6.28323832750353
-6.247558273010519,-0.873037086701089,2.283009403803863,-1.4099813184328385,0.035685386897347904,-6.2832383270201895
-6.247558394907761,-0.8730370800553189,2.283009404024803,-1.4099813180743386,0.03568538790924691,-6.283238326874001
-6.247556581518432,-0.8730370566622909,2.2830094041700573,-1.4099812923590438,0.03568522302778021,-6.283238304793877
-6.247556680102681,-0.8730369681271011,2.2830094065372855,-1.4099812828422449,0.03568518309839597,-6.28323829731314
-6.2475580893541816,-0.8730371183679964,2.2830094028893164,-1.409981319871461,0.03568538832471013,-6.283238327999626
-6.247558629834855,-0.8730372290587312,2.2830093984845874,-1.4099813347240966,0.035685474332797895,-6.283238339879737
-6.247556655535383,-0.8730369896570842,2.2830094059416197,-1.4099812855215514,0.03568519470050635,-6.283238299386368
-6.24755838428949,-0.8730372890439959,2.28300939686903,-1.40998133857543,0.035685484432367076,-6.283238342773279
-6.247558306272811,-0.8730370832434406,2.283009403896463,-1.4099813184755368,0.035685388030119114,-6.283238327086187
-6.247558059322423,-0.8730371230224527,2.283009402769096,-1.4099813200076756,0.035685388042585586,-6.283238328057425
-6.247558335514848,-0.8730372626004641,2.2830093974975174,-1.409981336628773,0.03568547578799919,-6.283238341124027
-6.247558413433025,-0.87303725050519,2.283009397843907,-1.4099813361116222,0.03568547560284685,-6.283238340807302
-6.247556648021923,-0.873037015717042,2.283009405298282,-1.409981288870009,0.03568520947326448,-6.283238302100985
-6.247558513508876,-0.873037243756869,2.2830093980508472,-1.4099813356698059,0.03568547581392689,-6.2832383405531465
-6.24755836524672,-0.8730370792712954,2.2830094040337947,-1.4099813180479597,0.035685387270410374,-6.283238326820356
-6.24755833588799,-0.8730373013399273,2.2830093965306126,-1.4099813389212752,0.035685484305210124,-6.2832383429900425
-6.247556668082395,-0.8730369806072176,2.2830094061854247,-1.4099812847260305,0.03568519156394334,-6.283238298768046
-6.247558389932759,-0.8730372886676321,2.283009396882065,-1.40998133852794,0.035685484327038,-6.283238342741755
-6.247558306652641,-0.8730370834954417,2.2830094038897677,-1.409981318465702,0.03568538796813581,-6.283238327078622
-6.247556594933893,-0.8730370448417801,2.283009404503183,-1.4099812909850709,0.035685217149129755,-6.283238303739904
-6.247558360796023,-0.8730370578387845,2.283009404550464,-1.4099813158933685,0.035685377910821714,-6.28323832504837
-6.247558185072522,-0.8730370999275152,2.2830094034069752,-1.4099813191491393,0.03568538788006759,-6.2832383274882355
-6.247558464411591,-0.8730372766020214,2.2830093972201695,-1.4099813380592838,0.03568548430677687,-6.283238342438829
-6.247558317650896,-0.8730372684059251,2.283009397341086,-1.4099813367778218,0.03568547574421732,-6.283238341216525
-6.24755810441354,-0.873037102877035,2.2830094033067603,-1.4099813195198827,0.03568538798293197,-6.2832383277199595
-6.247558438705908,-0.8730372498722438,2.283009397870991,-1.409981336014602,0.03568547564604252,-6.283238340757886
-6.247556650073281,-0.8730370165256609,2.283009405277225,-1.4099812888022107,0.03568520910245443,-6.283238302048252
-6.247558314113824,-0.8730370821434352,2.283009403938376,-1.4099813182195158,0.03568538694591705,-6.283238326895191
-6.247558667578404,-0.8730372303038596,2.28300939846649,-1.4099813345442067,0.035685474048261945,-6.28323833977401
-6.24755661862811,-0.873037014451679,2.283009405254459,-1.409981288215004,0.03568520590063162,-6.283238301482241
-6.247558372522194,-0.8730370562076537,2.28300940459955,-1.4099813157923506,0.03568537774465064,-6.283238324984374
-6.2475581865027,-0.873037100141353,2.2830094034020636,-1.4099813191329522,0.03568538780817576,-6.283238327476859
-6.247558464408262,-0.8730372767809698,2.2830093972152135,-1.4099813380550064,0.035685484271171575,-6.283238342435196
-6.247556670386192,-0.8730369785288072,2.2830094062482615,-1.4099812842321695,0.03568518923289865,-6.283238298386532
-6.247556594256549,-0.8730370520207718,2.283009404316111,-1.4099812917101335,0.03568522017156539,-6.283238304324354
-6.247558342149436,-0.8730370801959797,2.283009403994104,-1.4099813183281755,0.03568538819405731,-6.283238327013223
-6.247558319146195,-0.8730372912701778,2.283009396779672,-1.409981338859506,0.03568548445754338,-6.283238342894535
-6.247556607524996,-0.8730370406708872,2.2830094046013123,-1.4099812920171058,0.03568522289934162,-6.283238304562461
-6.247558150673503,-0.8730370978065505,2.28300940346303,-1.4099813192001882,0.03568538762233597,-6.283238327524078
-6.24755844934961,-0.8730372509145639,2.283009397846863,-1.409981336019996,0.03568547579803116,-6.283238340770742
-6.247558219924545,-0.8730370956305151,2.283009403547304,-1.4099813189149444,0.03568538765348617,-6.283238327372268
-6.247558381824061,-0.8730370794320965,2.2830094040361892,-1.4099813180454177,0.035685387561001924,-6.283238326837252
-6.247558231452889,-0.8730373146535975,2.283009396142294,-1.409981339723421,0.035685485351488744,-6.283238343511201
-6.247556676097656,-0.8730369726575802,2.283009406407981,-1.4099812836269052,0.03568518669626908,-6.2832382979193895
-6.247556594437441,-0.8730370517009121,2.283009404326183,-1.409981291600511,0.035685219636476084,-6.283238304238569
-6.247558342215365,-0.8730370804323453,2.2830094039876094,-1.4099813183194057,0.035685388132852935,-6.283238327006169
-6.247556625397626,-0.8730370071831288,2.28300940546114,-1.4099812872016662,0.03568520139570808,-6.283238300703423
-6.2475585561972835,-0.8730372602968224,2.283009397677958,-1.4099813373406187,0.035685483674589236,-6.28323834193206
-6.247558256267502,-0.8730370892780019,2.2830094037153543,-1.4099813187378993,0.03568538795325793,-6.283238327235256
-6.247558318399442,-0.8730372987529833,2.283009396593096,-1.4099813390398213,0.035685484777452814,-6.283238343072825
-6.247556602335165,-0.8730370452226115,2.283009404477152,-1.4099812922776032,0.03568522377979555,-6.283238304756894
-6.24755663639406,-0.8730370195961878,2.2830094051821277,-1.4099812898357973,0.03568521390354107,-6.283238302843473
-6.24755816807711,-0.8730370980978961,2.283009403464252,-1.4099813191378292,0.035685387609862396,-6.283238327493354
-6.247556646867821,-0.8730369887514673,2.2830094059791097,-1.4099812854399936,0.035685194160891776,-6.283238299327536
-6.24755834353192,-0.8730370799694729,2.2830094040067603,-1.4099813180987768,0.03568538706078783,-6.283238326834608
-6.247558490536783,-0.8730372788782077,2.28300939716984,-1.4099813379178645,0.03568548390980286,-6.283238342347434
-6.24755665169716,-0.873036993738987,2.283009405822698,-1.4099812862305194,0.03568519794945857,-6.283238299932332
-6.247558564604369,-0.8730372594915075,2.2830093977032444,-1.4099813372799739,0.03568548359020074,-6.283238341894041
-6.247558257090744,-0.8730370895276458,2.2830094037090394,-1.4099813187259391,0.03568538788887121,-6.283238327226506
-6.247558318272041,-0.8730372989027693,2.283009396588888,-1.4099813390350464,0.03568548473911726,-6.283238343068728
-6.247556677538821,-0.8730369717980277,2.2830094064360456,-1.4099812832819358,0.03568518501806217,-6.283238297651754
-6.247558087106028,-0.8730371182470105,2.283009402891139,-1.40998131989552,0.03568538841440372,-6.283238328016243
-6.24755862961352,-0.8730372288429606,2.2830093984904902,-1.4099813347265684,0.03568547435748837,-6.2832383398817235
-6.247556589226569,-0.8730370545470194,2.28300940422862,-1.409981292760758,0.03568522528030993,-6.28323830513456
-6.247558344773626,-0.8730372598659617,2.283009397574288,-1.409981336569806,0.03568547588061133,-6.283238341092204
-6.2475566444675135,-0.8730370155609979,2.283009405299012,-1.409981289100731,0.03568521060159657,-6.2832383022791225
-6.2475581755197425,-0.8730370991887764,2.2830094034379638,-1.4099813191431707,0.035685387693698445,-6.283238327503403
-6.2475582729972965,-0.8730370867011459,2.283009403803854,-1.409981318432707,0.03568538689642775,-6.283238327020075
-6.247558394894191,-0.873037080055127,2.283009404024803,-1.4099813180741618,0.03568538790810649,-6.283238326873849
-6.247556581516811,-0.8730370566625574,2.283009404170052,-1.4099812923590758,0.035685223027900115,-6.283238304793903
-6.247556680101994,-0.8730369681273498,2.2830094065372784,-1.4099812828422813,0.03568518309855584,-6.2832382973131695
-6.24755808934982,-0.8730371183679413,2.2830094028893164,-1.4099813198714068,0.03568538832435664,-6.2832383279995785
-6.247558629833002,-0.8730372290587507,2.2830093984845856,-1.4099813347240815,0.03568547433269309,-6.283238339879724
-6.247556655534849,-0.8730369896571535,2.283009405941616,-1.4099812855215585,0.035685194700528555,-6.283238299386374
-6.247558384288242,-0.8730372890439817,2.28300939686903,-1.4099813385754159,0.03568548443227648,-6.283238342773267
-6.247558306271536,-0.8730370832434247,2.283009403896463,-1.4099813184755208,0.035685388030011644,-6.283238327086174
-6.247558059322197,-0.8730371230224776,2.2830094027690944,-1.4099813200076783,0.03568538804259358,-6.283238328057426
-6.247558335514445,-0.8730372626004606,2.283009397497519,-1.4099813366287677,0.035685475787970766,-6.283238341124023
-6.247558413432655,-0.8730372505051847,2.2830093978439088,-1.4099813361116187,0.03568547560281665,-6.283238340807298
-6.247556648021766,-0.8730370157170473,2.283009405298282,-1.409981288870009,0.035685209473256485,-6.283238302100985
-6.247558513508646,-0.8730372437568636,2.2830093980508472,-1.4099813356698023,0.03568547581390824,-6.283238340553145
-6.24755836524656,-0.8730370792712936,2.2830094040337947,-1.409981318047958,0.03568538727039616,-6.2832383268203555
-6.247558335887909,-0.8730373013399273,2.2830093965306126,-1.4099813389212734,0.03568548430520391,-6.2832383429900425
-6.247556668082374,-0.8730369806072193,2.2830094061854247,-1.4099812847260313,0.03568519156394423,-6.283238298768047
-6.247558389932715,-0.8730372886676321,2.283009396882065,-1.4099813385279392,0.035685484327034445,-6.283238342741755
-6.247558306652595,-0.87303708349544,2.2830094038897677,-1.409981318465702,0.035685387968131366,-6.283238327078621
-6.247556594933889,-0.8730370448417801,2.2830094045031846,-1.4099812909850709,0.035685217149129755,-6.283238303739903
-6.247558360796015,-0.8730370578387845,2.283009404550464,-1.4099813158933685,0.0356853779108226,-6.283238325048371
-6.247558185072506,-0.8730370999275152,2.283009403406977,-1.4099813191491393,0.035685387880064035,-6.2832383274882355
-6.247558464411583,-0.8730372766020214,2.2830093972201695,-1.4099813380592838,0.03568548430677776,-6.283238342438829
-6.247558317650894,-0.8730372684059251,2.283009397341086,-1.4099813367778218,0.03568547574421732,-6.283238341216525
-6.247558104413537,-0.873037102877035,2.2830094033067603,-1.4099813195198827,0.03568538798293197,-6.2832383277199595
-6.247558438705903,-0.8730372498722421,2.2830093978709876,-1.409981336014602,0.03568547564604252,-6.283238340757886
-6.247556650073279,-0.8730370165256609,2.2830094052772267,-1.4099812888022107,0.03568520910245443,-6.283238302048253
-6.247558314113822,-0.8730370821434352,2.2830094039383777,-1.4099813182195158,0.03568538694591794,-6.283238326895191
-6.247558667578405,-0.8730372303038596,2.28300939846649,-1.4099813345442067,0.035685474048261945,-6.283238339774011
-6.24755661862811,-0.873037014451679,2.283009405254461,-1.409981288215004,0.035685205900630734,-6.283238301482241
-6.247558372522194,-0.8730370562076519,2.28300940459955,-1.4099813157923506,0.035685377744651525,-6.283238324984374
-6.2475581865027,-0.8730371001413513,2.2830094034020654,-1.4099813191329513,0.03568538780817665,-6.283238327476859
-6.24755846440826,-0.8730372767809698,2.2830093972152117,-1.4099813380550064,0.03568548427117069,-6.283238342435196
-6.247556670386192,-0.8730369785288072,2.2830094062482633,-1.4099812842321686,0.03568518923289865,-6.283238298386532
-6.247556594256549,-0.8730370520207718,2.283009404316111,-1.4099812917101335,0.0356852201715645,-6.283238304324354
-6.247558342149436,-0.8730370801959797,2.283009403994104,-1.4099813183281755,0.035685388194055534,-6.283238327013223
-6.247558319146194,-0.8730372912701778,2.283009396779672,-1.409981338859505,0.03568548445754516,-6.283238342894536
-6.247556607524996,-0.8730370406708872,2.2830094046013123,-1.4099812920171058,0.03568522289934162,-6.283238304562461
-6.247558150673503,-0.8730370978065505,2.28300940346303,-1.409981319200189,0.03568538762233597,-6.283238327524079
-6.24755844934961,-0.8730372509145639,2.2830093978468646,-1.409981336019996,0.035685475798030275,-6.283238340770741
-6.247558219924546,-0.8730370956305133,2.283009403547304,-1.4099813189149453,0.03568538765348617,-6.283238327372268
-6.247558381824061,-0.8730370794320965,2.283009404036191,-1.4099813180454177,0.03568538756100015,-6.283238326837252
-6.247558231452889,-0.8730373146535975,2.283009396142294,-1.409981339723421,0.03568548535148963,-6.283238343511201
-6.247556676097656,-0.8730369726575802,2.283009406407981,-1.4099812836269061,0.03568518669626908,-6.2832382979193895
-6.24755659443744,-0.8730370517009121,2.283009404326183,-1.409981291600511,0.035685219636476084,-6.28323830423857
-6.247558342215365,-0.8730370804323453,2.283009403987613,-1.4099813183194065,0.03568538813285116,-6.28323832700617
-6.2475566253976265,-0.873037007183127,2.2830094054611383,-1.409981287201667,0.03568520139570719,-6.283238300703423
-6.2475585561972835,-0.8730372602968242,2.283009397677956,-1.4099813373406187,0.035685483674589236,-6.283238341932059
-6.247558256267501,-0.8730370892780019,2.283009403715356,-1.4099813187378984,0.03568538795325882,-6.283238327235256
-6.247558318399441,-0.8730372987529833,2.283009396593094,-1.4099813390398213,0.035685484777451926,-6.283238343072825
-6.247556602335164,-0.8730370452226097,2.283009404477152,-1.4099812922776032,0.03568522377979555,-6.283238304756894
-6.2475566363940604,-0.8730370195961861,2.2830094051821295,-1.4099812898357973,0.03568521390354107,-6.283238302843472
-6.24755816807711,-0.8730370980978943,2.283009403464252,-1.4099813191378292,0.03568538760986062,-6.283238327493354
-6.247556646867821,-0.8730369887514691,2.2830094059791097,-1.4099812854399936,0.03568519416089444,-6.283238299327536
-6.247558343531919,-0.8730370799694729,2.283009404006762,-1.4099813180987768,0.03568538706078872,-6.283238326834608
-6.247558490536783,-0.8730372788782077,2.283009397169838,-1.4099813379178645,0.0356854839098002,-6.283238342347434
-6.24755665169716,-0.8730369937389852,2.283009405822698,-1.4099812862305185,0.035685197949461234,-6.283238299932331
-6.247558564604369,-0.8730372594915075,2.283009397703246,-1.4099813372799739,0.03568548359019985,-6.283238341894041
-6.247558257090745,-0.8730370895276458,2.2830094037090394,-1.4099813187259391,0.03568538788887121,-6.283238327226505
-6.247558318272041,-0.8730372989027675,2.283009396588888,-1.4099813390350455,0.03568548473911726,-6.283238343068728
-6.247556677538821,-0.8730369717980277,2.2830094064360456,-1.4099812832819367,0.03568518501806128,-6.283238297651754
-6.247558087106028,-0.8730371182470105,2.283009402891139,-1.40998131989552,0.03568538841440283,-6.283238328016243
-6.24755862961352,-0.8730372288429589,2.2830093984904902,-1.4099813347265684,0.03568547435748748,-6.2832383398817235
-6.247556589226569,-0.8730370545470194,2.2830094042286184,-1.4099812927607571,0.03568522528031082,-6.28323830513456
-6.247558344773626,-0.8730372598659617,2.283009397574288,-1.409981336569806,0.035685475880613104,-6.283238341092204
-6.2475566444675135,-0.8730370155609979,2.283009405299012,-1.409981289100731,0.035685210601595685,-6.2832383022791225
-6.2475581755197425,-0.8730370991887764,2.283009403437962,-1.4099813191431707,0.03568538769369933,-6.283238327503403
-6.2475582729972965,-0.8730370867011459,2.2830094038038524,-1.4099813184327061,0.03568538689642686,-6.283238327020075
-6.247558394894191,-0.8730370800551253,2.283009404024801,-1.4099813180741618,0.03568538790810649,-6.283238326873848
-6.247556581516811,-0.8730370566625592,2.28300940417005,-1.4099812923590758,0.03568522302789923,-6.283238304793903
-6.247556680101993,-0.873036968127348,2.2830094065372766,-1.4099812828422813,0.03568518309855495,-6.2832382973131695
-6.247558089349819,-0.8730371183679431,2.2830094028893164,-1.409981319871406,0.035685388324357525,-6.2832383279995785
-6.247558629833002,-0.8730372290587489,2.2830093984845874,-1.4099813347240824,0.0356854743326922,-6.283238339879725
-6.247556655534849,-0.8730369896571535,2.283009405941616,-1.4099812855215585,0.03568519470052944,-6.283238299386374
-6.247558384288242,-0.8730372890439817,2.283009396869028,-1.4099813385754159,0.035685484432279146,-6.283238342773267
-6.247558306271535,-0.8730370832434247,2.2830094038964646,-1.4099813184755199,0.03568538803001253,-6.283238327086174
-6.2475580593221975,-0.8730371230224758,2.2830094027690944,-1.4099813200076783,0.03568538804259358,-6.283238328057426
-6.247558335514445,-0.8730372626004606,2.283009397497519,-1.4099813366287677,0.03568547578796988,-6.283238341124023
-6.247558413432655,-0.8730372505051864,2.283009397843907,-1.4099813361116187,0.03568547560281754,-6.283238340807299
-6.2475566480217655,-0.8730370157170473,2.28300940529828,-1.409981288870009,0.03568520947325737,-6.283238302100985
-6.247558513508647,-0.8730372437568636,2.2830093980508472,-1.4099813356698032,0.03568547581390735,-6.283238340553144
-6.24755836524656,-0.8730370792712936,2.2830094040337947,-1.409981318047958,0.035685387270394386,-6.2832383268203555
-6.247558335887909,-0.8730373013399273,2.2830093965306126,-1.4099813389212734,0.03568548430520391,-6.2832383429900425
-6.247556668082375,-0.8730369806072193,2.2830094061854247,-1.4099812847260313,0.03568519156394334,-6.283238298768046
-6.247558389932714,-0.8730372886676321,2.283009396882065,-1.40998133852794,0.035685484327034445,-6.283238342741754
-6.2475583066525955,-0.87303708349544,2.283009403889764,-1.409981318465702,0.035685387968131366,-6.283238327078621
-6.247556594933888,-0.8730370448417801,2.2830094045031846,-1.4099812909850717,0.035685217149129755,-6.283238303739903
-6.247558360796015,-0.8730370578387845,2.283009404550464,-1.4099813158933685,0.0356853779108226,-6.28323832504837
-6.247558185072506,-0.8730370999275152,2.2830094034069752,-1.4099813191491393,0.03568538788006492,-6.2832383274882355
-6.247558464411584,-0.8730372766020214,2.2830093972201695,-1.4099813380592838,0.03568548430677776,-6.283238342438829
-6.247558317650893,-0.8730372684059233,2.283009397341086,-1.4099813367778227,0.03568547574421732,-6.283238341216524
-6.247558104413536,-0.873037102877035,2.2830094033067603,-1.4099813195198836,0.03568538798293197,-6.2832383277199595
-6.247558438705903,-0.8730372498722421,2.2830093978709876,-1.409981336014602,0.03568547564604163,-6.283238340757885
-6.24755665007328,-0.8730370165256609,2.2830094052772267,-1.4099812888022107,0.03568520910245532,-6.283238302048253
-6.247558314113822,-0.8730370821434335,2.2830094039383795,-1.4099813182195158,0.03568538694591794,-6.283238326895191
-6.247558667578405,-0.8730372303038596,2.28300939846649,-1.4099813345442067,0.03568547404826283,-6.283238339774011
-6.24755661862811,-0.873037014451679,2.283009405254461,-1.409981288215004,0.03568520590063251,-6.28323830148224
-6.247558372522194,-0.8730370562076537,2.28300940459955,-1.4099813157923506,0.03568537774465241,-6.2832383249843735
-6.2475581865027,-0.873037100141353,2.2830094034020636,-1.4099813191329522,0.03568538780817576,-6.283238327476859
-6.24755846440826,-0.8730372767809698,2.2830093972152117,-1.4099813380550064,0.035685484271171575,-6.283238342435195
-6.247556670386192,-0.8730369785288072,2.2830094062482615,-1.4099812842321686,0.03568518923289865,-6.283238298386532
-6.247556594256549,-0.8730370520207718,2.283009404316111,-1.4099812917101335,0.03568522017156539,-6.283238304324354
-6.247558342149436,-0.8730370801959797,2.283009403994102,-1.4099813183281746,0.03568538819405642,-6.2832383270132235
-6.247558319146194,-0.8730372912701778,2.283009396779672,-1.409981338859505,0.035685484457546046,-6.283238342894536
-6.247556607524996,-0.8730370406708872,2.2830094046013123,-1.4099812920171058,0.035685222899342506,-6.283238304562461
-6.247558150673502,-0.8730370978065505,2.28300940346303,-1.4099813192001882,0.03568538762233686,-6.283238327524078
-6.24755844934961,-0.8730372509145639,2.283009397846863,-1.409981336019996,0.03568547579803116,-6.283238340770742
-6.247558219924546,-0.8730370956305151,2.283009403547304,-1.4099813189149444,0.035685387653487055,-6.283238327372268
-6.247558381824061,-0.8730370794320965,2.2830094040361892,-1.4099813180454177,0.03568538756099926,-6.283238326837252
-6.247558231452889,-0.8730373146535975,2.2830093961422975,-1.409981339723421,0.035685485351488744,-6.283238343511201
-6.247556676097656,-0.8730369726575802,2.283009406407981,-1.4099812836269052,0.03568518669626819,-6.2832382979193895
-6.247556594437441,-0.8730370517009121,2.283009404326183,-1.409981291600511,0.03568521963647697,-6.28323830423857
-6.247558342215366,-0.8730370804323471,2.283009403987613,-1.4099813183194057,0.03568538813285205,-6.28323832700617
-6.2475566253976265,-0.8730370071831288,2.28300940546114,-1.4099812872016662,0.0356852013957063,-6.283238300703423
-6.247558556197283,-0.8730372602968242,2.283009397677958,-1.4099813373406187,0.035685483674589236,-6.283238341932059
-6.247558256267502,-0.8730370892780019,2.283009403715356,-1.4099813187378993,0.03568538795325793,-6.283238327235256
-6.247558318399441,-0.8730372987529833,2.283009396593096,-1.4099813390398213,0.03568548477745104,-6.283238343072825
-6.247556602335164,-0.8730370452226115,2.283009404477152,-1.4099812922776032,0.03568522377979644,-6.283238304756894
-6.24755663639406,-0.8730370195961861,2.2830094051821295,-1.4099812898357982,0.03568521390354107,-6.283238302843472
-6.24755816807711,-0.8730370980978943,2.283009403464252,-1.4099813191378292,0.035685387609863284,-6.283238327493354
-6.247556646867821,-0.8730369887514691,2.2830094059791097,-1.4099812854399936,0.035685194160891776,-6.283238299327536
-6.247558343531919,-0.8730370799694729,2.2830094040067603,-1.4099813180987768,0.03568538706078961,-6.283238326834608
-6.2475584905367825,-0.8730372788782077,2.28300939716984,-1.4099813379178645,0.03568548390980286,-6.283238342347434
-6.247556651697161,-0.873036993738987,2.283009405822698,-1.4099812862305194,0.03568519794945857,-6.283238299932332
-6.247558564604369,-0.8730372594915075,2.283009397703246,-1.4099813372799748,0.03568548359020074,-6.283238341894041
-6.247558257090745,-0.8730370895276458,2.2830094037090394,-1.4099813187259391,0.03568538788887121,-6.283238327226506
-6.247558318272042,-0.8730372989027675,2.283009396588888,-1.4099813390350473,0.03568548473911726,-6.283238343068728
-6.247556677538821,-0.8730369717980277,2.2830094064360473,-1.4099812832819367,0.03568518501806217,-6.283238297651753
-6.247558087106027,-0.8730371182470105,2.283009402891139,-1.409981319895521,0.03568538841440372,-6.283238328016243
-6.24755862961352,-0.8730372288429589,2.2830093984904885,-1.4099813347265684,0.03568547435748837,-6.2832383398817235
-6.247556589226569,-0.8730370545470194,2.2830094042286184,-1.4099812927607571,0.035685225280311705,-6.283238305134561
-6.247558344773626,-0.8730372598659617,2.283009397574288,-1.4099813365698068,0.03568547588061133,-6.283238341092204
-6.2475566444675135,-0.8730370155609979,2.283009405299012,-1.409981289100731,0.0356852106015948,-6.283238302279123
-6.247558175519742,-0.8730370991887764,2.2830094034379655,-1.4099813191431707,0.035685387693698445,-6.283238327503403
-6.2475582729972965,-0.8730370867011459,2.283009403803856,-1.4099813184327061,0.03568538689642686,-6.283238327020075
-6.247558394894191,-0.873037080055127,2.283009404024803,-1.4099813180741627,0.035685387908105604,-6.283238326873849
-6.247556581516811,-0.8730370566625574,2.2830094041700484,-1.4099812923590758,0.035685223027900115,-6.283238304793903
-6.247556680101993,-0.8730369681273498,2.2830094065372766,-1.4099812828422804,0.03568518309855584,-6.2832382973131695
-6.24755808934982,-0.8730371183679413,2.2830094028893164,-1.409981319871406,0.0356853883243593,-6.2832383279995785
-6.2475586298330015,-0.8730372290587489,2.2830093984845856,-1.4099813347240815,0.03568547433269309,-6.283238339879724
-6.247556655534849,-0.8730369896571517,2.283009405941616,-1.4099812855215585,0.03568519470053033,-6.283238299386374
-6.247558384288242,-0.8730372890439817,2.28300939686903,-1.4099813385754167,0.03568548443227826,-6.283238342773267
-6.247558306271536,-0.8730370832434247,2.2830094038964646,-1.4099813184755199,0.035685388030011644,-6.283238327086174
-6.247558059322197,-0.8730371230224758,2.2830094027690944,-1.4099813200076792,0.03568538804259269,-6.283238328057426
-6.247558335514445,-0.8730372626004606,2.2830093974975156,-1.4099813366287686,0.03568547578796988,-6.283238341124023
-6.247558413432655,-0.8730372505051847,2.2830093978439088,-1.4099813361116187,0.035685475602815764,-6.283238340807298
-6.2475566480217655,-0.8730370157170473,2.28300940529828,-1.409981288870009,0.03568520947325826,-6.283238302100985
-6.247558513508646,-0.8730372437568636,2.2830093980508455,-1.4099813356698023,0.03568547581390735,-6.283238340553145
-6.24755836524656,-0.8730370792712936,2.2830094040337947,-1.409981318047958,0.035685387270395275,-6.2832383268203555
-6.247558335887909,-0.8730373013399273,2.2830093965306144,-1.4099813389212734,0.035685484305204795,-6.2832383429900425
-6.247556668082374,-0.8730369806072193,2.2830094061854247,-1.4099812847260313,0.03568519156394423,-6.283238298768047
-6.247558389932714,-0.8730372886676321,2.283009396882065,-1.40998133852794,0.03568548432703533,-6.283238342741754
-6.2475583066525955,-0.87303708349544,2.283009403889766,-1.409981318465701,0.035685387968132254,-6.283238327078621
-6.247556594933889,-0.8730370448417801,2.2830094045031863,-1.4099812909850709,0.035685217149130644,-6.283238303739903
-6.247558360796016,-0.8730370578387845,2.283009404550466,-1.4099813158933685,0.035685377910821714,-6.283238325048371
-6.247558185072506,-0.8730370999275152,2.283009403406977,-1.4099813191491393,0.03568538788006581,-6.2832383274882355
-6.247558464411584,-0.8730372766020214,2.2830093972201695,-1.4099813380592838,0.03568548430677598,-6.283238342438829
-6.247558317650893,-0.8730372684059251,2.283009397341086,-1.4099813367778218,0.03568547574421821,-6.283238341216524
-6.247558104413536,-0.873037102877035,2.2830094033067603,-1.4099813195198836,0.03568538798293286,-6.2832383277199595
-6.247558438705903,-0.8730372498722421,2.2830093978709876,-1.4099813360146012,0.03568547564604252,-6.283238340757885
-6.247556650073279,-0.8730370165256609,2.2830094052772267,-1.4099812888022099,0.03568520910245265,-6.283238302048253
-6.247558314113822,-0.8730370821434335,2.2830094039383795,-1.4099813182195158,0.03568538694591705,-6.283238326895191
-6.247558667578403,-0.8730372303038596,2.28300939846649,-1.4099813345442058,0.035685474048261945,-6.283238339774011
-6.24755661862811,-0.873037014451679,2.283009405254461,-1.409981288215004,0.0356852059006334,-6.283238301482241
-6.247558372522194,-0.8730370562076537,2.28300940459955,-1.4099813157923515,0.03568537774465064,-6.283238324984374
-6.2475581865027,-0.873037100141353,2.283009403402062,-1.4099813191329513,0.03568538780817754,-6.283238327476859
-6.247558464408262,-0.8730372767809698,2.2830093972152117,-1.4099813380550064,0.03568548427116891,-6.283238342435196
-6.247556670386192,-0.8730369785288072,2.2830094062482615,-1.4099812842321686,0.03568518923289954,-6.283238298386532
-6.247556594256549,-0.8730370520207735,2.283009404316113,-1.4099812917101335,0.0356852201715645,-6.283238304324354
-6.2475583421494365,-0.8730370801959797,2.283009403994104,-1.4099813183281746,0.03568538819405642,-6.283238327013223
-6.247558319146195,-0.8730372912701778,2.283009396779672,-1.409981338859505,0.03568548445754427,-6.283238342894536
-6.247556607524996,-0.8730370406708872,2.2830094046013123,-1.4099812920171058,0.03568522289934073,-6.283238304562461
-6.247558150673503,-0.8730370978065505,2.2830094034630264,-1.409981319200189,0.035685387622335085,-6.283238327524078
-6.24755844934961,-0.8730372509145639,2.283009397846863,-1.409981336019996,0.035685475798030275,-6.283238340770742
-6.247558219924546,-0.8730370956305133,2.283009403547304,-1.4099813189149453,0.035685387653487055,-6.283238327372268
-6.247558381824061,-0.8730370794320965,2.2830094040361892,-1.4099813180454177,0.03568538756100281,-6.283238326837252
-6.247558231452889,-0.8730373146535975,2.2830093961422957,-1.409981339723421,0.035685485351487856,-6.283238343511202
-6.247556676097656,-0.8730369726575802,2.283009406407981,-1.4099812836269061,0.035685186696269966,-6.2832382979193895
-6.24755659443744,-0.8730370517009121,2.283009404326183,-1.409981291600511,0.03568521963647697,-6.28323830423857
-6.247558342215365,-0.8730370804323471,2.2830094039876094,-1.4099813183194065,0.035685388132853824,-6.28323832700617
-6.2475566253976265,-0.873037007183127,2.28300940546114,-1.4099812872016662,0.03568520139570719,-6.283238300703423
-6.2475585561972835,-0.8730372602968242,2.283009397677958,-1.4099813373406187,0.03568548367458835,-6.28323834193206
-6.247558256267502,-0.8730370892780019,2.283009403715356,-1.4099813187378993,0.03568538795325704,-6.283238327235256
-6.247558318399441,-0.8730372987529833,2.283009396593094,-1.4099813390398213,0.0356854847774537,-6.283238343072825
-6.247556602335164,-0.8730370452226097,2.283009404477152,-1.409981292277604,0.03568522377979644,-6.283238304756894
-6.24755663639406,-0.8730370195961878,2.2830094051821277,-1.4099812898357982,0.03568521390354196,-6.283238302843472
-6.24755816807711,-0.8730370980978943,2.283009403464254,-1.4099813191378292,0.03568538760986151,-6.283238327493354
-6.247556646867821,-0.8730369887514673,2.2830094059791097,-1.4099812854399936,0.03568519416089089,-6.283238299327535
-6.24755834353192,-0.8730370799694747,2.2830094040067603,-1.409981318098776,0.03568538706078872,-6.283238326834608
-6.2475584905367825,-0.8730372788782077,2.283009397169838,-1.4099813379178645,0.0356854839098002,-6.283238342347434
-6.24755665169716,-0.873036993738987,2.283009405822698,-1.4099812862305185,0.03568519794945768,-6.283238299932331
-6.247558564604369,-0.8730372594915057,2.283009397703246,-1.4099813372799748,0.03568548359019985,-6.283238341894041
-6.247558257090744,-0.8730370895276476,2.2830094037090394,-1.4099813187259391,0.03568538788887121,-6.283238327226506
-6.247558318272042,-0.8730372989027675,2.283009396588888,-1.4099813390350464,0.03568548473911726,-6.283238343068728
